ID,Family,Instrument,TYPE,DIFFICULTY,COMPOSER,Genre,Year,Key,WORK,Remarks,II Question,II Answer,MM Question,MM Answer,Articulation,Cadence,AUDIO,Sourcse,Rights
II001,Strings,VIOLIN,Orchestral,MEDIUM,Beethoven,Classical,,D Major,Violin Concerto Op 61,,Identify the solo instrument.,VIOLIN,,,,,II001.mp3,MusOpen,PD
II002,Strings,VIOLIN,Orchestral,MEDIUM,Beethoven,Classical,,D Major,Violin Concerto Op 61,,Identify the solo instrument.,VIOLIN,,,,,II002.mp3,MusOpen,PD
II003,Strings,VIOLIN,Piano Accomp.,MEDIUM,Beethoven,Classical,,D Major,"Violin Sonata No. 9 ""Kreutzer""",,Identify the solo instrument.,VIOLIN,,,,,II003.mp3,MusOpen,PD
II004,Strings,VIOLIN,Piano Accomp.,EASY,Beethoven,Classical,,D Major,"Violin Sonata No. 9 ""Kreutzer""",,Identify the solo instrument.,VIOLIN,,,,,II004.mp3,MusOpen,PD
II005,Strings,VIOLIN ,Piano Accomp.,EASY,Beethoven,Classical,,D Major,"Violin Sonata No. 9 ""Kreutzer""",,Identify the solo instrument.,VIOLIN ,,,,,https://drive.google.com/file/d/119BB93aolMCoO3p236BSWlchvExDnXeI/view?usp=sharing,MusOpen,PD
II006,Strings,VIOLIN,Piano Accomp.,EASY,Beethoven,Classical,,D Major,"Violin Sonata No. 9 ""Kreutzer""",,Identify the solo instrument.,VIOLIN,,,,,https://drive.google.com/file/d/1IxI0BKIyGy3qFrnlQ-zPvnTGsL1AWioi/view?usp=sharing,MusOpen,PD
II007,Strings,VIOLIN,Solo,EASY,Bach ,Baroque,,,Partita No.2 BWV 1004 (5),,Identify the instrument.,VIOLIN,,,,,https://drive.google.com/file/d/1nQHDomf78nKFAMR7ORF-Tc6Da8yMyN-F/view?usp=sharing,MusOpen,PD
II008,Strings,VIOLIN,Solo,EASY,Bach ,Baroque,,,Partita No.2 BWV 1004 (5),,Identify the instrument.,VIOLIN,,,,,https://drive.google.com/file/d/1mYB_eEvgswvxMBuvPMAGa4i0sfCr1Ukm/view?usp=sharing,MusOpen,PD
II009,Strings,VIOLIN,Solo,EASY,Bach ,Baroque,,,Partita No.2 BWV 1004 (2),,Identify the instrument.,VIOLIN,,,,,https://drive.google.com/file/d/1Tgq25SpO2TLp8-mR0QRdBEdjxnFAZFCY/view?usp=sharing,MusOpen,PD
II010,Strings,VIOLIN,Solo,EASY,Bach ,Baroque,,,Partita No.2 BWV 1004 (2),,Identify the instrument.,VIOLIN,,,,,https://drive.google.com/file/d/1oLE2Ki4zwD-UAuGlGLQTTipkyWSni5Dj/view?usp=sharing,MusOpen,PD
II011,Strings,VIOLIN,Piano Accomp.,EASY,Beethoven,Classical,,,Violin Sonata No. 5 (1),,Identify the solo instrument.,VIOLIN,,,,,https://drive.google.com/file/d/1KCnQwtWa1s0YRLYFhll4txcU49Lyx8es/view?usp=sharing,MusOpen,PD
II012,Strings,VIOLIN,Piano Accomp.,MEDIUM,Beethoven,Classical,,,Violin Sonata No. 5 (1),,Identify the solo instrument.,VIOLIN,,,,,https://drive.google.com/file/d/1_xc-tdB2PXAejy-3dHPYqYYBD5yTV2oO/view?usp=sharing,MusOpen,PD
II013,Strings,VIOLIN,Piano Accomp.,EASY,Mozart,Classical,,,Violin Sonata No.21 K304 (1),,Identify the solo instrument.,VIOLIN,,,,,https://drive.google.com/file/d/1WRQ54L-snMCqgufCIESRNr5kFGPStpEu/view?usp=sharing,MusOpen,PD
II014,Strings,VIOLIN,Piano Accomp.,EASY,Mozart,Classical,,,Violin Sonata No.21 K304 (1),,Identify the solo instrument.,VIOLIN,,,,,https://drive.google.com/file/d/1kkMXmp3P5Xfh5AK_ROMlnZlau2huNQqM/view?usp=sharing,MusOpen,PD
II015,Strings,VIOLIN,Orchestral,MEDIUM,Beethoven,Classical,,,Violin Concerto Op 61 (2),,Identify the solo instrument.,VIOLIN,,,,,https://drive.google.com/file/d/12-bDc8jkddNiRG4I7l7ZvEmsmaa6Nu4f/view?usp=sharing,MusOpen,PD
II016,Strings,VIOLIN,Orchestral,EASY,Beethoven,Classical,,,Violin Concerto Op 61 (2),,Identify the solo instrument.,VIOLIN,,,,,https://drive.google.com/file/d/1mGLBtWfiDyTkHY678de_G-7tQiV6PdaP/view?usp=sharing,MusOpen,PD
II017,Strings,VIOLIN,Piano Accomp.,EASY,Beethoven,Classical,,,Violin Sonata No. 5 Spring (1),,Identify the solo instrument.,VIOLIN,,,,,https://drive.google.com/file/d/1jX3_Rarv_KXOHWOlBxfcrPCnFYIXarbx/view?usp=sharing,MusOpen,PD
II018,Strings,VIOLIN,Piano Accomp.,EASY,Beethoven,Classical,,,Violin Sonata No. 5 Spring (1),,Identify the solo instrument.,VIOLIN,,,,,https://drive.google.com/file/d/1OneL7LHaQc383gDgowOBMqSyghT9dUiQ/view?usp=sharing,MusOpen,PD
II019,Strings,VIOLIN,Piano Accomp.,MEDIUM,Beethoven,Classical,,,Violin Sonata No. 5 Spring (1),,Identify the solo instrument.,VIOLIN,,,,,https://drive.google.com/file/d/1Lm9TdlIklO7zE-LwWwAWfX6dX4hp_cpg/view?usp=sharing,MusOpen,PD
II020,Brass,TRUMPET,Organ Accomp.,MEDIUM,Handel,Baroque,,F Major,Violin (Trumpet) Sonata F (2),,Identify the solo instrument.,TRUMPET,,,,,https://drive.google.com/file/d/1dsHNuudNpzbkvbwkPGyhMvlWI51GI0i6/view?usp=sharing,MusOpen,PD
II021,Brass,TRUMPET,Organ Accomp.,MEDIUM,Handel,Baroque,,F Major,Violin (Trumpet) Sonata F (2),,Identify the solo instrument.,TRUMPET,,,,,https://drive.google.com/file/d/1LeXdgBwU1TLAvdVHLsg5iPIdyu__PhLx/view?usp=sharing,MusOpen,PD
II022,Strings,VIOLIN,Orchestral,MEDIUM,Bach ,Baroque,,D minor,Double Violin Concerto,,Identify the solo instrument.,VIOLIN,,,,,https://drive.google.com/file/d/1zjGorgXv9gWYXGjuHumMgruG-Lph6DQm/view?usp=sharing,MusOpen,PD
II023,Strings,VIOLIN,Orchestral,MEDIUM,Bach ,Baroque,,D minor,Double Violin Concerto,,Identify the solo instrument.,VIOLIN,,,,,https://drive.google.com/file/d/1IhKaoXoFcVRY28tpCN_s7oDJ1SEQjueC/view?usp=sharing,MusOpen,PD
II024,Strings,VIOLIN,Orchestral,MEDIUM,Bach ,Baroque,,D minor,Double Violin Concerto (3),,Identify the solo instrument.,VIOLIN,,,,,https://drive.google.com/file/d/1cprJMFTlJJaitzq1wJ1hG4AxvTUpKUxt/view?usp=sharing,MusOpen,PD
II025,Strings,VIOLIN,Piano Accomp.,MEDIUM,Dushkin,20th Century,,E flat Major,Sicilliene,,Identify the solo instrument.,VIOLIN,,,,,https://drive.google.com/file/d/1LaqJNWkNOtxvrOWOiVNChl00rEBm83mZ/view?usp=sharing,MusOpen,PD
II026,Strings,VIOLIN,Piano Accomp.,MEDIUM,Dushkin,20th Century,,E flat Major,Sicilliene,,Identify the solo instrument.,VIOLIN,,,,,https://drive.google.com/file/d/12Hn8k-jTj6Y6SnJuIhRM_BO1-PeD8DKm/view?usp=sharing,MusOpen,PD
II027,Strings,VIOLIN,Solo,EASY,,,,,Sarabande,,Identify the instrument.,VIOLIN,,,,,https://drive.google.com/file/d/1SfsTIKxxu5N5RJJKLRlIAijpHGIURpbf/view?usp=sharing,MusOpen,PD
II028,Strings,VIOLIN,Solo,EASY,,,,,Sarabande,,Identify the instrument.,VIOLIN,,,,,https://drive.google.com/file/d/1syWbys26VdM2qZMS6pM1zF4NNUjdRmxN/view?usp=sharing,MusOpen,PD
II029,Strings,VIOLIN,Solo,EASY,,,,,Sarabande,,Identify the instrument.,VIOLIN,,,,,https://drive.google.com/file/d/1dO_bEFHb8dOo39SCNPnkZcbPnKphewYC/view?usp=sharing,MusOpen,PD
II030,Strings,VIOLIN,Solo,EASY,,,,,IV Double Presto,,Identify the instrument.,VIOLIN,,,,,https://drive.google.com/file/d/189SE8mZGyMRb-OIjrmB7mvp2mMlMtAIP/view?usp=sharing,MusOpen,PD
II031,Strings,VIOLIN,Solo,EASY,Bach,Baroque,,G minor,Sonata No 1 (4),,Identify the instrument.,VIOLIN,,,,,https://drive.google.com/file/d/1XOg-xD6BKho1_r8j9tE4kN-Uvx_LokOR/view?usp=sharing,MusOpen,PD
II032,Strings,VIOLIN,Solo,EASY,Bach,Baroque,,G minor,Sonata No 1 (4),,Identify the instrument.,VIOLIN,,,,,https://drive.google.com/file/d/1TM5ruXxKdhw2KrkKr8jdr7uvAtuKFgLs/view?usp=sharing,MusOpen,PD
II033,Strings,VIOLA,Orchestral,HARD,Rolla,,,,Viola Sonatas Op. 3 (1),,Identify the solo instrument.,VIOLA,,,,,https://drive.google.com/file/d/1sb-NebBvzQmcLyX20AVKKrJari8UOk1i/view?usp=sharing,MusOpen,PD
II034,Strings,VIOLA,Orchestral,HARD,Rolla,,,,Viola Sonatas Op. 3 (1),,Identify the solo instrument.,VIOLA,,,,,https://drive.google.com/file/d/1RjLquoAt3MqDfbUDVpatMto6_2VDB89J/view?usp=sharing,MusOpen,PD
II035,Strings,VIOLA,Piano Accomp.,HARD,Schumann,Romantic,,,Marchenbilder Op. 113,,Identify the solo instrument.,VIOLA,,,,,https://drive.google.com/file/d/1bsVFf3KpK-0yBF33eNB9aTgR9MWHVXl2/view?usp=sharing,MusOpen,PD
II036,Strings,VIOLA,Piano Accomp.,HARD,Schumann,Romantic,,,Marchenbilder Op. 113,,Identify the solo instrument.,VIOLA,,,,,https://drive.google.com/file/d/10nxFA2ykGuhYYchCbvmlaZMnK7FECXci/view?usp=sharing,MusOpen,PD
II037,Strings,VIOLA,Piano Accomp.,HARD,Schumann,Romantic,,,Marchenbilder Op. 113,,Identify the solo instrument.,VIOLA,,,,,https://drive.google.com/file/d/1H_SOdD0FBOlqCB0DQsz1Lik9LoZmaoa_/view?usp=sharing,MusOpen,PD
II038,Strings,VIOLA,Piano Accomp.,HARD,Schumann,Romantic,,,Marchenbilder Op. 113,,Identify the solo instrument.,VIOLA,,,,,https://drive.google.com/file/d/1Kbq-ahPpuFfDvG4SkWwKP-e6rhTnZKcc/view?usp=sharing,MusOpen,PD
II039,Strings,CELLO,Solo,EASY,Bach,Baroque,,C Major,Cello Suite No. 3 (2),,Identify the instrument.,CELLO,,,,,https://drive.google.com/file/d/1IDsh4VcdQIMT9_ViNoMY9XES4cKwKOw1/view?usp=sharing,MusOpen,PD
II040,Strings,CELLO,Solo,EASY,Bach,Baroque,,C Major,Cello Suite No. 3 (2),,Identify the instrument.,CELLO,,,,,https://drive.google.com/file/d/13onCx25hcPjKPFMnyYSGmDz5dDZiQBOO/view?usp=sharing,MusOpen,PD
II041,Strings,CELLO,Solo,EASY,Bach,Baroque,,,Cello Suite No. 3 (6),,Identify the instrument.,CELLO,,,,,https://drive.google.com/file/d/1lp970aFy7iKD0KeyoEb5P2O6tEJxIM8x/view?usp=sharing,MusOpen,PD
II042,Strings,CELLO,Solo,EASY,Bach,Baroque,,,Cello Suite No. 3 (6),,Identify the instrument.,CELLO,,,,,https://drive.google.com/file/d/1j1BMcTkWW-BwE4Q0KqQAirO5aR4QTfOK/view?usp=sharing,MusOpen,PD
II043,Strings,CELLO,Piano Accomp.,EASY,,,,,Cello Sonata - 3 Finale,,Identify the solo instrument.,CELLO,,,,,https://drive.google.com/file/d/15E8mwIun8nmVR7P8kfkJxSow-I5CrXex/view?usp=sharing,MusOpen,PD
II044,Strings,CELLO,Piano Accomp.,HARD,,,,,Cello Sonata - 3 Finale,,Identify the solo instrument.,CELLO,,,Pizzicato,,https://drive.google.com/file/d/1lxthkl2S7aXGlE2vmfEGxYqfLZCvolzq/view?usp=sharing,MusOpen,PD
II045,Strings,CELLO,Piano Accomp.,MEDIUM,,,,,Cello Sonata - 3 Finale,,Identify the solo instrument.,CELLO,,,,,https://drive.google.com/file/d/1iJo3Qp_RVyvd1PSWqaczN5g5pqRowgH3/view?usp=sharing,MusOpen,PD
II046,Strings,CELLO,Piano Accomp.,MEDIUM,,,,,Cello Sonata - 3 Finale,,Identify the solo instrument.,CELLO,,,,,https://drive.google.com/file/d/1YjslAhZsycwQSNkRPQcPDSeFgp5XHnRb/view?usp=sharing,MusOpen,PD
II047,Strings,CELLO,Piano Accomp.,MEDIUM,,,,,Cello Sonata - 3 Finale,,Identify the solo instrument.,CELLO,,,,,https://drive.google.com/file/d/1wsZrkYtf5xTSD3SVGyKZRcmwkqvY0fNc/view?usp=sharing,MusOpen,PD
II048,Strings,CELLO,Orchestral,MEDIUM,Elgar,20th Century,,E Minor,Cello Concerto Op. 85,,Identify the solo instrument.,CELLO,,,,,https://drive.google.com/file/d/1TLr7AA7paIztsmT2vZ-SSxDZyu1ooajv/view?usp=sharing,MusOpen,PD
II049,Strings,CELLO,Orchestral,HARD,Elgar,20th Century,,E Minor,Cello Concerto Op. 85,High Range,Identify the solo instrument.,CELLO,,,,,https://drive.google.com/file/d/1YUQrkWKhWtKnAAbKglDgtBokqT2qkU_f/view?usp=sharing,MusOpen,PD
II050,Strings,CELLO,Orchestral,MEDIUM,Elgar,20th Century,,E Minor,Cello Concerto Op. 85,,Identify the solo instrument.,CELLO,,,,,https://drive.google.com/file/d/14lRdZ3EyPZRUd49dh5NvMXWqOIyBjYJ7/view?usp=sharing,MusOpen,PD
II051,Strings,CELLO,Orchestral,MEDIUM,Elgar,20th Century,,E Minor,Cello Concerto Op. 85,,Identify the solo instrument.,CELLO,,,,,https://drive.google.com/file/d/1CYgKTwVFiYXX0x0xfsgVyQIjDysJAHIK/view?usp=sharing,MusOpen,PD
II052,Strings,CELLO,Orchestral,MEDIUM,Elgar,20th Century,,E Minor,Cello Concerto Op. 85,,Identify the solo instrument.,CELLO,,,,,https://drive.google.com/file/d/1SSjaIKKsNMkw0bT2-IZve_ZLGBpW-1nV/view?usp=sharing,MusOpen,PD
II053,Strings,CELLO,Piano Accomp.,HARD,Debussy,Romantic,,,Cello Sonata (2) Moderramente Anime,,Identify the solo instrument.,CELLO,,,Pizzicato,,https://drive.google.com/file/d/18uU7PwEajGsVaw_v2OsOStwV2KV1pXJh/view?usp=sharing,MusOpen,PD
II054,Strings,CELLO,Piano Accomp.,EASY,Debussy,Romantic,,,Cello Sonata (2) Moderramente Anime,,Identify the solo instrument.,CELLO,,,,,https://drive.google.com/file/d/18mr_RllGdyGaB8LdjUrxOXCP0bwMZM5O/view?usp=sharing,MusOpen,PD
II055,Strings,CELLO,Piano Accomp.,MEDIUM,Debussy,Romantic,,,Cello Sonata (2) Moderramente Anime,,Identify the solo instrument.,CELLO,,,,,https://drive.google.com/file/d/1HttMmdGJ4J3Gw3LG-J5EerNyIYonGpBM/view?usp=sharing,MusOpen,PD
II056,Strings,CELLO,Orchestral,HARD,Elgar,20th Century,,,Cello Concerto Op. 85 (4),,Identify the solo instrument.,CELLO,,,,,https://drive.google.com/file/d/1zvgbqbY5xFx1aZpz3dXu3NsYnEx8VYOM/view?usp=sharing,MusOpen,PD
II057,Strings,CELLO,Orchestral,MEDIUM,Elgar,20th Century,,,Cello Concerto Op. 85 (4),,Identify the solo instrument.,CELLO,,,,,https://drive.google.com/file/d/1iudhUGAdGZc7-0t90fhXtCYs6QdaMcHO/view?usp=sharing,MusOpen,PD
II058,Strings,CELLO,Orchestral,EASY,Elgar,20th Century,,,Cello Concerto Op. 85 (4),,Identify the solo instrument.,CELLO,,,,,https://drive.google.com/file/d/17lrGYMDtLWEU9gFgE-oBlaHdtING1bRh/view?usp=sharing,MusOpen,PD
II059,Strings,CELLO,Orchestral,EASY,Elgar,20th Century,,,Cello Concerto Op. 85 (4),,Identify the solo instrument.,CELLO,,,,,https://drive.google.com/file/d/1OH5MVUmjKFyB1YLs9k2nbJ6enT9roYXM/view?usp=sharing,MusOpen,PD
II060,Strings,CELLO,Orchestral,EASY,Elgar,20th Century,,,Cello Concerto Op. 85 (4),,Identify the solo instrument.,CELLO,,,,,https://drive.google.com/file/d/19dQqdv0ykQOHIWawT0AotxFcgLfYkfEW/view?usp=sharing,MusOpen,PD
II061,Strings,CELLO,Orchestral,EASY,Elgar,20th Century,,,Cello Concerto Op. 85 (4),,Identify the solo instrument.,CELLO,,,,,https://drive.google.com/file/d/13e5h_VF4woYjLgTjd2YIp8exdrgvJmRx/view?usp=sharing,MusOpen,PD
II062,Strings,CELLO,Piano Accomp.,EASY,Debussy,Romantic,,,Cello Sonata (2) Serenade,,Identify the solo instrument.,CELLO,,,,,https://drive.google.com/file/d/1Cq0-WubQoxqsGE25JV406vSFAwgX_M7_/view?usp=sharing,MusOpen,PD
II063,Strings,CELLO,Piano Accomp.,EASY,Debussy,Romantic,,,Cello Sonata (2) Serenade,,Identify the solo instrument.,CELLO,,,,,https://drive.google.com/file/d/1l4778klKmp_cMNXqyNvSg_1FseKDCQGb/view?usp=sharing,MusOpen,PD
II064,Strings,CELLO,Piano Accomp.,EASY,Debussy,Romantic,,,Cello Sonata (2) Serenade,,Identify the solo instrument.,CELLO,,,,,https://drive.google.com/file/d/1aculAfzQKxLPVpcVRMEJXZMYqR-OPxlf/view?usp=sharing,MusOpen,PD
II065,Strings,CELLO,Piano Accomp.,EASY,Debussy,Romantic,,,Cello Sonata (2) Serenade,,Identify the solo instrument.,CELLO,,,,,https://drive.google.com/file/d/1zED0SJnPvJMNgVGNRo0G4To9Foxaw4Mz/view?usp=sharing,MusOpen,PD
II066,Strings,CELLO,Orchestral,MEDIUM,Haydn,Classical,,D Major,Cello Concerto HOB VIId (1),,Identify the solo instrument.,CELLO,,,,,https://drive.google.com/file/d/13mZlVV74bmWV1dQ9NK7caWhlvaTBxnED/view?usp=sharing,MusOpen,PD
II067,Strings,CELLO,Orchestral,EASY,Haydn,Classical,,D Major,Cello Concerto HOB VIId (1),,Identify the solo instrument.,CELLO,,,,,https://drive.google.com/file/d/1eGqEpfhr0-MbS_fZxkXSEPa9OjZXHCcU/view?usp=sharing,MusOpen,PD
II068,Strings,CELLO,Orchestral,MEDIUM,Haydn,Classical,,D Major,Cello Concerto HOB VIId (1),,Identify the solo instrument.,CELLO,,,,,https://drive.google.com/file/d/12d4ZqqGwrc5kGZXKR9RrAOtVAgjQu1k6/view?usp=sharing,MusOpen,PD
II069,Strings,CELLO,Orchestral,MEDIUM,Haydn,Classical,,D Major,Cello Concerto HOB VIId (1),,Identify the solo instrument.,CELLO,,,,,https://drive.google.com/file/d/19up8JtZzyUmnWF-pRs_Q1g3Bge6Ee2Kd/view?usp=sharing,MusOpen,PD
II070,Strings,CELLO,Harpsichord,EASY,Vivaldi,Baroque,,,Sonata No. 5 (3),,Identify the solo instrument.,CELLO,,,,,https://drive.google.com/file/d/1vj0bQmy75haRasX0PBHGKT8KTHgBUJ0F/view?usp=sharing,MusOpen,PD
II071,Strings,CELLO,Harpsichord,EASY,Vivaldi,Baroque,,,Sonata No. 5 (3),,Identify the solo instrument.,CELLO,,,,,https://drive.google.com/file/d/1Al928lrDRLMCoFpiFddJNP4pbOuz482s/view?usp=sharing,MusOpen,PD
II072,Strings,CELLO,Solo,MEDIUM,Bach,Baroque,,C Major,Cello Suite No.3 (1),,Identify the instrument.,CELLO,,,Double Stop,,https://drive.google.com/file/d/13XVxDRUY4nOL6c5E0IuzuD053Vg-0QI7/view?usp=sharing,MusOpen,PD
II073,Strings,CELLO,Solo,MEDIUM,Bach,Baroque,,C Major,Cello Suite No.3 (1),,Identify the instrument.,CELLO,,,Double Stop,,https://drive.google.com/file/d/1PAUGIz8OyDnCh4eulu8nK0NsTF7v1_65/view?usp=sharing,MusOpen,PD
II074,Strings,CELLO,Solo,MEDIUM,Bach,Baroque,,C Major,Cello Suite No.3 (1),,Identify the instrument.,CELLO,,,Double Stop,,https://drive.google.com/file/d/1LUIOM0rnFeaL6NM8KHwsRyg1kFMEf1Iq/view?usp=sharing,MusOpen,PD
II075,Strings,CELLO,Orchestral,EASY,Chopin,Romantic,,G minor,Cello Sonata Op.65 (1),,Identify the solo instrument.,CELLO,,,,,https://drive.google.com/file/d/1U1vDHljrePV8BRReuV7YLGC1dPwXNNS1/view?usp=sharing,MusOpen,PD
II076,Strings,CELLO,Orchestral,EASY,Chopin,Romantic,,G minor,Cello Sonata Op.65 (1),,Identify the solo instrument.,CELLO,,,,,https://drive.google.com/file/d/1m4ShcosviRXONQYD_8UdE3Ie3hZTjFUZ/view?usp=sharing,MusOpen,PD
II077,Strings,CELLO,Orchestral,EASY,Chopin,Romantic,,G minor,Cello Sonata Op.65 (1),,Identify the solo instrument.,CELLO,,,,,https://drive.google.com/file/d/1DKKkd0nHzALXWO2YpiTa8Y4NmYav0YG8/view?usp=sharing,MusOpen,PD
II078,Strings,CELLO,Orchestral,EASY,Chopin,Baroque,,G minor,Cello Sonata Op.65 (1),,Identify the solo instrument.,CELLO,,,,,https://drive.google.com/file/d/1FBurqV8wWIP9Wui0A8YnNR_esLbggYwr/view?usp=sharing,MusOpen,PD
II079,Strings,CELLO,Solo,EASY,Bach,Baroque,,C Major,Cello Suite No.3 (4),,Identify the instrument.,CELLO,,,Double Stop,,https://drive.google.com/file/d/18Posc2dkGbf6rmYRbTlZgCnslJ8kRhRd/view?usp=sharing,MusOpen,PD
II080,Strings,CELLO,Solo,EASY,Bach,Baroque,,C Major,Cello Suite No.3 (4),,Identify the instrument.,CELLO,,,,,https://drive.google.com/file/d/1WjSJbRb2WK9sf3BEWjzcd_NbAv7tZqSw/view?usp=sharing,MusOpen,PD
II081,Strings,CELLO,Solo,EASY,Bach,Baroque,,C Major,Cello Suite No.3 (4),,Identify the instrument.,CELLO,,,Double Stop,,https://drive.google.com/file/d/1jnRAY8IzmaYGDDffgo7qj0y-BqcaibzP/view?usp=sharing,MusOpen,PD
II082,Strings,CELLO,Harpsichord,EASY,Vivaldi,Baroque,,,Sonata No. 5 (2),,Identify the solo instrument.,CELLO,,,,,https://drive.google.com/file/d/1u-foUDNijlu5NjKl2kXmUOW51NcbV51x/view?usp=sharing,MusOpen,PD
II083,Strings,CELLO,Harpsichord,EASY,Vivaldi,Baroque,,,Sonata No. 5 (2),,Identify the solo instrument.,CELLO,,,,,https://drive.google.com/file/d/16rJgWCoeipjq2BDJyC8N3tbjk1Vk-aml/view?usp=sharing,MusOpen,PD
II084,Strings,CELLO,Harpsichord,EASY,Vivaldi,Baroque,,,Sonata No. 5 (4),,Identify the solo instrument.,CELLO,,,,,https://drive.google.com/file/d/1Z8mb5v6HGjeI8JfFPdsCoNJncggCdfsb/view?usp=sharing,MusOpen,PD
II085,Strings,CELLO,Harpsichord,EASY,Vivaldi,Baroque,,,Sonata No. 5 (2),,Identify the solo instrument.,CELLO,,,,,https://drive.google.com/file/d/1l-p5HKsyc9ZQmyM0TZVqESWZJCglHkNY/view?usp=sharing,MusOpen,PD
II086,Strings,CELLO,Piano Accomp.,EASY,,,,,Cello Sonata Op.1 (2),,Identify the solo instrument.,CELLO,,,,,https://drive.google.com/file/d/1XosYou3GRciwwzeOwFDexloi5mvtkg_B/view?usp=sharing,MusOpen,PD
II087,Strings,CELLO,Piano Accomp.,EASY,,,,,Cello Sonata Op.1 (2),,Identify the solo instrument.,CELLO,,,,,https://drive.google.com/file/d/1RKAlze3OjXCqpohKLTxYGcp0dUP9bdAr/view?usp=sharing,MusOpen,PD
II088,Strings,CELLO,Piano Accomp.,EASY,,,,,Cello Sonata Op.1 (2),,Identify the solo instrument.,CELLO,,,,,https://drive.google.com/file/d/1swxFgwqGV4zJW3IFst4KdiEjdLTYpMGe/view?usp=sharing,MusOpen,PD
II089,Strings,CELLO,Piano Accomp.,EASY,,,,,Cello Sonata Op.1 (2),,Identify the solo instrument.,CELLO,,,,,https://drive.google.com/file/d/1bbXlFOnNUzfuMlEPPJJiJwcJAJY539CP/view?usp=sharing,MusOpen,PD
II090,Strings,CELLO,Piano Accomp.,EASY,Beethoven,Classical,,,Cello Sonata Op. 69 (3),,Identify the solo instrument.,CELLO,,,,,https://drive.google.com/file/d/10VQ4zX8zh74SP-e3HHSo65PJWsVfyEEO/view?usp=sharing,MusOpen,PD
II091,Strings,CELLO,Piano Accomp.,EASY,Beethoven,Classical,,,Cello Sonata Op. 69 (3),,Identify the solo instrument.,CELLO,,,,,https://drive.google.com/file/d/1Oip4fX8iwmLDfBtczpUgvS8yDQE4EaIt/view?usp=sharing,MusOpen,PD
II092,Strings,CELLO,Piano Accomp.,MEDIUM,Beethoven,Classical,,,Cello Sonata Op. 69 (3),,Identify the solo instrument.,CELLO,,,,,https://drive.google.com/file/d/1DNn8YkMOInptH8CYdGxHWEcoBrIrDyE5/view?usp=sharing,MusOpen,PD
II093,Strings,CELLO,Piano Accomp.,EASY,Beethoven,Classical,,,Cello Sonata Op. 69 (1),,Identify the solo instrument.,CELLO,,,,,https://drive.google.com/file/d/1TS1AXVNEbjJZXGelHoKT62HsvajvQ5_z/view?usp=sharing,MusOpen,PD
II094,Strings,CELLO,Piano Accomp.,EASY,Beethoven,Classical,,,Cello Sonata Op. 69 (1),,Identify the solo instrument.,CELLO,,,,,https://drive.google.com/file/d/1-QWne9hgwo0zBdjT2uZSsChKfLGkSTqE/view?usp=sharing,MusOpen,PD
II095,Strings,CELLO,Piano Accomp.,EASY,Beethoven,Classical,,,Cello Sonata Op. 69 (1),,Identify the solo instrument.,CELLO,,,,,https://drive.google.com/file/d/1ntbyygs1nCHtk10KeKfXR_HkYEJFpAF2/view?usp=sharing,MusOpen,PD
II096,Strings,CELLO,Piano Accomp.,EASY,Beethoven,Classical,,,Cello Sonata Op. 69 (1),,Identify the solo instrument.,CELLO,,,,,https://drive.google.com/file/d/1WZcvAWvYeJRvBVPSo_Z9cNNzpN23KXpd/view?usp=sharing,MusOpen,PD
II097,Strings,CELLO,Piano Accomp.,EASY,Beethoven,Classical,,,Cello Sonata Op. 69 (1),,Identify the solo instrument.,CELLO,,,,,https://drive.google.com/file/d/1xwMfqkK3nwIU7Q52LSZPWwcagIiMEQtz/view?usp=sharing,MusOpen,PD
II098,Strings,CELLO,Piano Accomp.,EASY,Chopin,Romantic,,G minor,Cello Sonata Op.65 (3),,Identify the solo instrument.,CELLO,,,,,https://drive.google.com/file/d/1EQc_P_b34p8CLnJ8JXvsVCSoRzd2l2Zh/view?usp=sharing,MusOpen,PD
II099,Strings,CELLO,Piano Accomp.,EASY,Chopin,Romantic,,G minor,Cello Sonata Op.65 (3),,Identify the solo instrument.,CELLO,,,,,https://drive.google.com/file/d/1pndjAiC5s4oVzVLpd4ZMI-xL61E4IukX/view?usp=sharing,MusOpen,PD
II100,Strings,CELLO,Piano Accomp.,EASY,Chopin,Romantic,,G minor,Cello Sonata Op.65 (3),,Identify the solo instrument.,CELLO,,,,,https://drive.google.com/file/d/1P3ujrO2OdFeXndIFIaiOIRuO0zlOqq0i/view?usp=sharing,MusOpen,PD
II101,Strings,CELLO,Solo,EASY,Bach,Baroque,,E flat Major,Suite No. 4 (3),,Identify the instrument.,CELLO,,,,,https://drive.google.com/file/d/13U7xy_uv_sIMLlwjp4PtWPiAbSXpebly/view?usp=sharing,MusOpen,PD
II102,Strings,CELLO,Solo,EASY,Bach,Baroque,,E flat Major,Suite No. 4 (3),,Identify the instrument.,CELLO,,,,,https://drive.google.com/file/d/1B2g7xdnqNyyp9lLEArVHy7f5nRIfWQ5q/view?usp=sharing,MusOpen,PD
II103,Strings,CELLO,Solo,EASY,Bach,Baroque,,E flat Major,Suite No. 4 (3),,Identify the instrument.,CELLO,,,,,https://drive.google.com/file/d/1iFeCC3AMJFNwZoHRvdaJB2QrDssulIIp/view?usp=sharing,MusOpen,PD
II104,Strings,CELLO,Solo,EASY,Bach,Baroque,,E flat Major,Suite No. 4 (3),,Identify the instrument.,CELLO,,,,,https://drive.google.com/file/d/1XgX1P226S8oIxZNtxecpmn9tXVijEOB9/view?usp=sharing,MusOpen,PD
II105,Strings,ACOUSTIC GUITAR,Solo,MEDIUM,Bach,Baroque,,,Suite No. 4 (Bouree),,Identify the instrument.,ACOUSTIC GUITAR,,,,,https://drive.google.com/file/d/1NV4QKtEQw0iuwfOrDpdiGcdMYdkAfH2e/view?usp=sharing,MusOpen,PD
II106,Strings,ACOUSTIC GUITAR,Solo,MEDIUM,Bach,Baroque,,,Suite No. 4 (Bouree),,Identify the instrument.,ACOUSTIC GUITAR,,,,,https://drive.google.com/file/d/1oA-7RH5FHfT7mIicgSAnorv5QwVwx3W0/view?usp=sharing,MusOpen,PD
II107,Strings,ACOUSTIC GUITAR,Solo,MEDIUM,Bach,Baroque,,,Suite No. 4 (Gigue),,Identify the instrument.,ACOUSTIC GUITAR,,,,,https://drive.google.com/file/d/14WGdYkmNwq62zdEGKhPIXIDOBR8iwHz3/view?usp=sharing,MusOpen,PD
II108,Strings,ACOUSTIC GUITAR,Solo,MEDIUM,Bach,Baroque,,,Suite No. 4 (Gigue),,Identify the instrument.,ACOUSTIC GUITAR,,,,,https://drive.google.com/file/d/1IwG-jW5Nw9Cnodj3T4ZtfHSykZGQx5NL/view?usp=sharing,MusOpen,PD
II109,Strings,CELLO,Solo,EASY,Bach,Baroque,,E flat Major,Suite No. 4 (1),,Identify the instrument.,CELLO,,,,,https://drive.google.com/file/d/1gPiDff9hjBamQ6c8plyGM6qv30jFBA-c/view?usp=sharing,MusOpen,PD
II110,Strings,CELLO,Solo,EASY,Bach,Baroque,,E flat Major,Suite No. 4 (1),,Identify the instrument.,CELLO,,,,,https://drive.google.com/file/d/1tnsjaMIaPAJP5w-WLp5_k753ZPFw4UUS/view?usp=sharing,MusOpen,PD
II111,Strings,CELLO,Solo,EASY,Bach,Baroque,,E flat Major,Suite No. 4 (1),,Identify the instrument.,CELLO,,,,,https://drive.google.com/file/d/1ZD7tSzihxWkiMz77uw4C-oJw3X6CLwWy/view?usp=sharing,MusOpen,PD
II112,Strings,CELLO,Solo,EASY,Bach,Baroque,,,Suite No. 4 (4),,Identify the instrument.,CELLO,,,,,https://drive.google.com/file/d/1Dkq2FYsn8aQbUj-PfnqQQdN2pvhWPtIZ/view?usp=sharing,MusOpen,PD
II113,Strings,CELLO,Solo,EASY,Bach,Baroque,,,Suite No. 4 (4),,Identify the instrument.,CELLO,,,,,https://drive.google.com/file/d/1oqevfy20h5JZ91c7Hqi53Usg5PJFkj6y/view?usp=sharing,MusOpen,PD
II114,Strings,CELLO,Solo,EASY,Bach,Baroque,,,Suite No. 4 (4),,Identify the instrument.,CELLO,,,,,https://drive.google.com/file/d/1d_b3BH7GlNpM030Q_WRY1nw61JFb4bG2/view?usp=sharing,MusOpen,PD
II115,Strings,CELLO,Piano Accomp.,EASY,Beethoven,Classical,,,Cello Sonata Op. 69 (2),,Identify the solo instrument.,CELLO,,,,,https://drive.google.com/file/d/1lqSqajy6k7P509W6cVUgjc4T71TKeQSR/view?usp=sharing,MusOpen,PD
II116,Strings,CELLO,Piano Accomp.,MEDIUM,Beethoven,Classical,,,Cello Sonata Op. 69 (2),,Identify the solo instrument.,CELLO,,,,,https://drive.google.com/file/d/1GvsjqkTSINnVnYtlA8fFDd0el0w6rjeI/view?usp=sharing,MusOpen,PD
II117,Strings,CELLO,Piano Accomp.,MEDIUM,Beethoven,Classical,,,Cello Sonata Op. 69 (2),,Identify the solo instrument.,CELLO,,,,,https://drive.google.com/file/d/1fTYfqmRs41CSHdpJS98JzSDPcAWTJ3nC/view?usp=sharing,MusOpen,PD
II118,Strings,CELLO,Piano Accomp.,EASY,,,,,Op. 5 No.2 (2),,Identify the solo instrument.,CELLO,,,,,https://drive.google.com/file/d/1Tw5SfebiJ5a1MRbj8r8FkzIc_-_eimys/view?usp=sharing,MusOpen,PD
II119,Strings,CELLO,Piano Accomp.,EASY,,,,,Op. 5 No.2 (2),,Identify the solo instrument.,CELLO,,,,,https://drive.google.com/file/d/1j2R-xduhwAZiRPCrOMV4VTvMwBPN8bxu/view?usp=sharing,MusOpen,PD
II120,Strings,CELLO,Piano Accomp.,MEDIUM,,,,,Op. 5 No.2 (2),,Identify the solo instrument.,CELLO,,,,,https://drive.google.com/file/d/17uWhdCjZww56CxQX4tWhekz-M8qOLAsv/view?usp=sharing,MusOpen,PD
II121,Strings,DOUBLE BASS,Orchestral,HARD,Bottesini,Romantic,,B minor,Double Bass Concerto No. 2 (2),,Identify the solo instrument.,DOUBLE BASS,,,,,https://drive.google.com/file/d/1kUBr49BXmdP1KNJOkNa9icXB6DvJAEmh/view?usp=sharing,MusOpen,PD
II122,Strings,DOUBLE BASS,Orchestral,HARD,Bottesini,Romantic,,B minor,Double Bass Concerto No. 2 (2),,Identify the solo instrument.,DOUBLE BASS,,,,,https://drive.google.com/file/d/1SzbGboQDQhfvi46gRxHBBp0z77Vcrp7b/view?usp=sharing,MusOpen,PD
II123,Strings,DOUBLE BASS,Orchestral,HARD,Bottesini,Romantic,,B minor,Double Bass Concerto No. 2 (2),,Identify the solo instrument.,DOUBLE BASS,,,,,https://drive.google.com/file/d/1bBd6uB33QbjKOGYF8lMEQh6yvBKcFAjR/view?usp=sharing,MusOpen,PD
II124,Strings,DOUBLE BASS,Orchestral,HARD,Bottesini,Romantic,,B minor,Double Bass Concerto No. 2 (2),,Identify the solo instrument.,DOUBLE BASS,,,,,https://drive.google.com/file/d/1kLhF9xNuBqzTO24JgmVhIiT-RDjuRD4M/view?usp=sharing,MusOpen,PD
II125,Strings,DOUBLE BASS,Orchestral,HARD,Bottesini,Romantic,,B minor,Double Bass Concerto No. 2 (3),,Identify the solo instrument.,DOUBLE BASS,,,,,https://drive.google.com/file/d/1XVWNIC-RFjYDTybmtQEuqhSSG4OsL5IQ/view?usp=sharing,MusOpen,PD
II126,Strings,DOUBLE BASS,Orchestral,HARD,Bottesini,Romantic,,B minor,Double Bass Concerto No. 2 (3),,Identify the solo instrument.,DOUBLE BASS,,,,,https://drive.google.com/file/d/10ODxYe_yrGpn6REMqqrg3dpvqQRKR0rs/view?usp=sharing,MusOpen,PD
II127,Strings,DOUBLE BASS,Orchestral,HARD,Bottesini,Romantic,,B minor,Double Bass Concerto No. 2 (3),,Identify the solo instrument.,DOUBLE BASS,,,,,https://drive.google.com/file/d/1BSRjuT8RM0R1fB62Cjon_qjBF92PIcd6/view?usp=sharing,MusOpen,PD
II128,Strings,DOUBLE BASS,Orchestral,HARD,Bottesini,Romantic,,B minor,Double Bass Concerto No. 2 (3),,Identify the solo instrument.,DOUBLE BASS,,,,,https://drive.google.com/file/d/1FwemUffImhuiNm9ue5TIkfqH8c1Axecb/view?usp=sharing,MusOpen,PD
II129,Strings,DOUBLE BASS,Orchestral,HARD,Bottesini,Romantic,,B minor,Double Bass Concerto No. 2 (1),,Identify the solo instrument.,DOUBLE BASS,,,,,https://drive.google.com/file/d/1mGOhYcghJT0ZXP0bqrTExx7PZmWssrwV/view?usp=sharing,MusOpen,PD
II130,Strings,DOUBLE BASS,Orchestral,HARD,Bottesini,Romantic,,B minor,Double Bass Concerto No. 2 (1),,Identify the solo instrument.,DOUBLE BASS,,,Harmonics,,https://drive.google.com/file/d/1qF3t7Em6i5zqrXcnLWAp6p3xblm1Cchq/view?usp=sharing,MusOpen,PD
II131,Strings,DOUBLE BASS,Orchestral,HARD,Bottesini,Romantic,,B minor,Double Bass Concerto No. 2 (1),,Identify the solo instrument.,DOUBLE BASS,,,,,https://drive.google.com/file/d/17KLW_4KZK44LsbxeDQuj7dVpemgFeDWu/view?usp=sharing,MusOpen,PD
II132,Brass,TRUMPET,Orchestral,EASY,Haydn,Classical,,E flat Major,Trumpet Concerto HOB VIIe (1),,Identify the solo instrument.,TRUMPET,,,,,II132.mp3,MusOpen,PD
II133,Brass,TRUMPET,Orchestral,EASY,Haydn,Classical,,E flat Major,Trumpet Concerto HOB VIIe (1),,Identify the solo instrument.,TRUMPET,,,,,II133.mp3,MusOpen,PD
II134,Brass,TRUMPET,Orchestral,EASY,Haydn,Classical,,E flat Major,Trumpet Concerto HOB VIIe (1),,Identify the solo instrument.,TRUMPET,,,,,II134.mp3,MusOpen,PD
II135,Brass,TRUMPET,Orchestral,EASY,Haydn,Classical,,E flat Major,Trumpet Concerto HOB VIIe (1),,Identify the solo instrument.,TRUMPET,,,,,II135.mp3,MusOpen,PD
II136,Brass,TRUMPET,Orchestral,EASY,Haydn,Classical,,E flat Major,Trumpet Concerto HOB VIIe (1),,Identify the solo instrument.,TRUMPET,,,,,II136.mp3,MusOpen,PD
II137,Brass,TRUMPET,Orchestral,EASY,Haydn,Classical,,E flat Major,Trumpet Concerto HOB VIIe (1),,Identify the solo instrument.,TRUMPET,,,,,II137.mp3,MusOpen,PD
II138,Brass,TRUMPET,Orchestral,EASY,Haydn,Classical,,E flat Major,Trumpet Concerto HOB VIIe (2),,Identify the solo instrument.,TRUMPET,,,,,II138.mp3,MusOpen,PD
II139,Brass,TRUMPET,Orchestral,EASY,Haydn,Classical,,E flat Major,Trumpet Concerto HOB VIIe (2),,Identify the solo instrument.,TRUMPET,,,,,II139.mp3,MusOpen,PD
II140,Brass,TRUMPET,Orchestral,EASY,Haydn,Classical,,E flat Major,Trumpet Concerto HOB VIIe (3),,Identify the solo instrument.,TRUMPET,,,,,II140.mp3,MusOpen,PD
II141,Brass,TRUMPET,Orchestral,EASY,Haydn,Classical,,E flat Major,Trumpet Concerto HOB VIIe (3),,Identify the solo instrument.,TRUMPET,,,,,II141.mp3,MusOpen,PD
II142,Brass,TRUMPET,Orchestral,EASY,Haydn,Classical,,E flat Major,Trumpet Concerto HOB VIIe (3),,Identify the solo instrument.,TRUMPET,,,,,II142.mp3,MusOpen,PD
II143,Brass,TRUMPET,Orchestral,EASY,Haydn,Classical,,E flat Major,Trumpet Concerto HOB VIIe (3),,Identify the solo instrument.,TRUMPET,,,,,II143.mp3,MusOpen,PD
II144,Brass,TRUMPET,Organ Accomp.,MEDIUM,Grossi,Baroque,,D Major,Trumpet Sonata Op. 3 No.12 (3),,Identify the solo instrument.,TRUMPET,,,,,II144.mp3,MusOpen,PD
II145,Brass,TRUMPET,Organ Accomp.,MEDIUM,Grossi,Baroque,,D Major,Trumpet Sonata Op. 3 No.12 (3),,Identify the solo instrument.,TRUMPET,,,,,II145.mp3,MusOpen,PD
II146,Brass,FRENCH HORN,Orchestral,MEDIUM,Mozart,Classical,,D Major,Horn Concerto K142 (1),,Identify the solo instrument.,FRENCH HORN,,,,,II146.mp3,MusOpen,PD
II147,Brass,FRENCH HORN,Orchestral,MEDIUM,Mozart,Classical,,D Major,Horn Concerto K142 (1),,Identify the solo instrument.,FRENCH HORN,,,,,II147.mp3,MusOpen,PD
II148,Brass,FRENCH HORN,Orchestral,MEDIUM,Mozart,Classical,,D Major,Horn Concerto K142 (1),,Identify the solo instrument.,FRENCH HORN,,,,,II148.mp3,MusOpen,PD
II149,Brass,FRENCH HORN,Orchestral,MEDIUM,Mozart,Classical,,D Major,Horn Concerto K142 (1),,Identify the solo instrument.,FRENCH HORN,,,,,II149.mp3,MusOpen,PD
II150,Brass,FRENCH HORN,Piano Accomp.,HARD,Glazunov,Romantic,,,Reverie Op. 24,Low Quality,Identify the solo instrument.,FRENCH HORN,,,,,II150.mp3,MusOpen,PD
II151,Brass,FRENCH HORN,Piano Accomp.,HARD,Glazunov,Romantic,,,Reverie Op. 24,Low Quality,Identify the solo instrument.,FRENCH HORN,,,,,II151.mp3,MusOpen,PD
II152,Woodwind,CLARINET,Orchestral,EASY,von Weber,Classical,,F minor,Clarinet Concerto Op. 73 (2),Low Quality,Identify the solo instrument.,CLARINET,,,,,II152.mp3,MusOpen,PD
II153,Woodwind,CLARINET,Orchestral,MEDIUM,von Weber,Classical,,F minor,Clarinet Concerto Op. 73 (2),Low Quality,Identify the solo instrument.,CLARINET,,,,,II153.mp3,MusOpen,PD
II154,Woodwind,CLARINET,Orchestral,MEDIUM,von Weber,Classical,,F minor,Clarinet Concerto Op. 73 (2),Low Quality,Identify the solo instrument.,CLARINET,,,,,II154.mp3,MusOpen,PD
II155,Woodwind,CLARINET,Orchestral,MEDIUM,von Weber,Classical,,F minor,Clarinet Concerto Op. 73 (2),Low Quality,Identify the solo instrument.,CLARINET,,,,,II155.mp3,MusOpen,PD
II156,Woodwind,CLARINET,Orchestral,MEDIUM,von Weber,Classical,,F minor,Clarinet Concerto Op. 73 (1),,Identify the solo instrument.,CLARINET,,,,,II156.mp3,MusOpen,PD
II157,Woodwind,CLARINET,Orchestral,EASY,von Weber,Classical,,F minor,Clarinet Concerto Op. 73 (1),,Identify the solo instrument.,CLARINET,,,,,II157.mp3,MusOpen,PD
II158,Woodwind,CLARINET,Orchestral,EASY,von Weber,Classical,,F minor,Clarinet Concerto Op. 73 (1),,Identify the solo instrument.,CLARINET,,,,,II158.mp3,MusOpen,PD
II159,Woodwind,CLARINET,Orchestral,EASY,von Weber,Classical,,F minor,Clarinet Concerto Op. 73 (1),,Identify the solo instrument.,CLARINET,,,,,II159.mp3,MusOpen,PD
II160,Woodwind,CLARINET,Orchestral,EASY,von Weber,Classical,,F minor,Clarinet Concerto Op. 73 (1),,Identify the solo instrument.,CLARINET,,,,,II160.mp3,MusOpen,PD
II161,Woodwind,CLARINET,Orchestral,EASY,von Weber,Classical,,F minor,Clarinet Concerto Op. 73 (3),,Identify the solo instrument.,CLARINET,,,,,II161.mp3,MusOpen,PD
II162,Woodwind,CLARINET,Orchestral,EASY,von Weber,Classical,,F minor,Clarinet Concerto Op. 73 (3),,Identify the solo instrument.,CLARINET,,,,,II162.mp3,MusOpen,PD
II163,Woodwind,CLARINET,Orchestral,EASY,von Weber,Classical,,F minor,Clarinet Concerto Op. 73 (3),,Identify the solo instrument.,CLARINET,,,,,II163.mp3,MusOpen,PD
II164,Woodwind,CLARINET,Organ Accomp.,EASY,von Weber,Classical,,F minor,Clarinet Concerto Op. 73 (3),,Identify the solo instrument.,CLARINET,,,,,II164.mp3,MusOpen,PD
II165,Woodwind,CLARINET,Organ Accomp.,EASY,,,,F minor,Clarinet Concerto,,Identify the solo instrument.,CLARINET,,,,,II165.mp3,MusOpen,PD
II166,Woodwind,CLARINET,Organ Accomp.,MEDIUM,,,,,Clarinet Concerto,,Identify the solo instrument.,CLARINET,,,,,II166.mp3,MusOpen,PD
II167,Woodwind,CLARINET,Organ Accomp.,MEDIUM,,,,,Clarinet Concerto,,Identify the solo instrument.,CLARINET,,,,,II167.mp3,MusOpen,PD
II168,Woodwind,CLARINET,Organ Accomp.,MEDIUM,,,,,Clarinet Concerto,,Identify the solo instrument.,CLARINET,,,,,II168.mp3,MusOpen,PD
II169,Woodwind,CLARINET,Organ Accomp.,MEDIUM,,,,,Clarinet Concerto,,Identify the solo instrument.,CLARINET,,,,,II169.mp3,MusOpen,PD
II170,Woodwind,CLARINET,Organ Accomp.,MEDIUM,,,,,Clarinet Concerto,,Identify the solo instrument.,CLARINET,,,,,II170.mp3,MusOpen,PD
II171,Woodwind,CLARINET,Orchestral,EASY,von Weber,Classical,,E flat Major,Clarinet Concerto Op. 26,,Identify the solo instrument.,CLARINET,,,,,II171.mp3,MusOpen,PD
II172,Woodwind,CLARINET,Orchestral,EASY,von Weber,Classical,,E flat Major,Clarinet Concerto Op. 26,,Identify the solo instrument.,CLARINET,,,,,II172.mp3,MusOpen,PD
II173,Woodwind,CLARINET,Orchestral,EASY,von Weber,Classical,,E flat Major,Clarinet Concerto Op. 26,,Identify the solo instrument.,CLARINET,,,,,II173.mp3,MusOpen,PD
II174,Woodwind,CLARINET,Orchestral,EASY,von Weber,Classical,,E flat Major,Clarinet Concerto Op. 26,,Identify the solo instrument.,CLARINET,,,,,II174.mp3,MusOpen,PD
II175,Woodwind,CLARINET,Orchestral,EASY,von Weber,Classical,,E flat Major,Clarinet Concerto Op. 26,,Identify the solo instrument.,CLARINET,,,,,II175.mp3,MusOpen,PD
II176,Woodwind,CLARINET,Orchestral,,Mozart,Classical,,A Major,Clarinet Concerto K662,,Identify the solo instrument.,CLARINET,,,,,II176.mp3,MusOpen,PD
II177,Woodwind,CLARINET,Orchestral,,Mozart,Classical,,A Major,Clarinet Concerto K662,,Identify the solo instrument.,CLARINET,,,,,II177.mp3,MusOpen,PD
II178,Woodwind,CLARINET,Orchestral,,Mozart,Classical,,A Major,Clarinet Concerto K662,,Identify the solo instrument.,CLARINET,,,,,II178.mp3,MusOpen,PD
II179,Woodwind,CLARINET,Orchestral,,Mozart,Classical,,A Major,Clarinet Concerto K662,,Identify the solo instrument.,CLARINET,,,,,II179.mp3,MusOpen,PD
II180,Woodwind,CLARINET,Orchestral,,Mozart,Classical,,A Major,Clarinet Concerto K662,,Identify the solo instrument.,CLARINET,,,,,II180.mp3,MusOpen,PD
II181,Woodwind,CLARINET,Orchestral,,Mozart,Classical,,A Major,Clarinet Concerto K662 (2),,Identify the solo instrument.,CLARINET,,,,,II181.mp3,MusOpen,PD
II182,Woodwind,CLARINET,Orchestral,,Mozart,Classical,,A Major,Clarinet Concerto K662 (2),,Identify the solo instrument.,CLARINET,,,,,II182.mp3,MusOpen,PD
II183,Woodwind,CLARINET,Orchestral,,Mozart,Classical,,A Major,Clarinet Concerto K662 (2),,Identify the solo instrument.,CLARINET,,,,,II183.mp3,MusOpen,PD
II184,Woodwind,FLUTE,Piano Accomp.,,Faure,Romantic,,E minor,Fantasia Op. 79 Allegro,,Identify the solo instrument.,FLUTE,,,,,II184.mp3,MusOpen,PD
II185,Woodwind,FLUTE,Piano Accomp.,,Faure,Romantic,,E minor,Fantasia Op. 79 Allegro,,Identify the solo instrument.,FLUTE,,,,,II185.mp3,MusOpen,PD
II186,Woodwind,FLUTE,Piano Accomp.,,Faure,Romantic,,E minor,Fantasia Op. 79 Allegro,,Identify the solo instrument.,FLUTE,,,,,II186.mp3,MusOpen,PD
II187,Woodwind,FLUTE,Piano Accomp.,,Faure,Romantic,,E minor,Fantasia Op. 79 Allegro,,Identify the solo instrument.,FLUTE,,,,,II187.mp3,MusOpen,PD
II188,Woodwind,FLUTE,Piano Accomp.,,Faure,Romantic,,E minor,Fantasia Op. 79 Andantino,,Identify the solo instrument.,FLUTE,,,,,II188.mp3,MusOpen,PD
II189,Woodwind,FLUTE,Piano Accomp.,,Faure,Romantic,,E minor,Fantasia Op. 79 Andantino,,Identify the solo instrument.,FLUTE,,,,,II189.mp3,MusOpen,PD
II190,Woodwind,FLUTE,Piano Accomp.,,Faure,Romantic,,E minor,Fantasia Op. 79 Andantino,,Identify the solo instrument.,FLUTE,,,,,II190.mp3,MusOpen,PD
II191,Woodwind,RECORDER,Harpsichord,,Bach,Baroque,,E minor,Flute Sonata BWV 1034,,Identify the solo instrument.,RECORDER,,,,,II191.mp3,MusOpen,PD
II192,Woodwind,RECORDER,Harpsichord,,Bach,Baroque,,E minor,Flute Sonata BWV 1034,,Identify the solo instrument.,RECORDER,,,,,II192.mp3,MusOpen,PD
II193,Woodwind,RECORDER,Harpsichord,,Bach,Baroque,,E minor,Flute Sonata BWV 1034,,Identify the solo instrument.,RECORDER,,,,,II193.mp3,MusOpen,PD
II194,Woodwind,RECORDER,Harpsichord,,Bach,Baroque,,E minor,Flute Sonata BWV 1034,,Identify the solo instrument.,RECORDER,,,,,II194.mp3,MusOpen,PD
II195,Woodwind,RECORDER,Harpsichord,,Bach,Baroque,,E minor,Flute Sonata BWV 1034,,Identify the solo instrument.,RECORDER,,,,,II195.mp3,MusOpen,PD
II196,Woodwind,RECORDER,Harpsichord,,Bach,Baroque,,E minor,Flute Sonata BWV 1034,,Identify the solo instrument.,RECORDER,,,,,II196.mp3,MusOpen,PD
II197,Woodwind,RECORDER,Harpsichord,,Bach,Baroque,,E minor,Flute Sonata BWV 1034,,Identify the solo instrument.,RECORDER,,,,,II197.mp3,MusOpen,PD
II198,Woodwind,RECORDER,Harpsichord,,Bach,Baroque,,E minor,Flute Sonata BWV 1034,,Identify the solo instrument.,RECORDER,,,,,II198.mp3,MusOpen,PD
II199,Woodwind,RECORDER,Harpsichord,,Bach,Baroque,,E minor,Flute Sonata BWV 1034,,Identify the solo instrument.,RECORDER,,,,,II199.mp3,MusOpen,PD
II200,Woodwind,RECORDER,Harpsichord,,Bach,Baroque,,E minor,Flute Sonata BWV 1034,,Identify the solo instrument.,RECORDER,,,,,II200.mp3,MusOpen,PD
II201,Woodwind,FLUTE,Solo,,Bach,Baroque,,A minor,Partita BWV 1013,,Identify the instrument.,FLUTE,,,,,II201.mp3,MusOpen,PD
II202,Woodwind,FLUTE,Solo,,Bach,Baroque,,A minor,Partita BWV 1013,,Identify the instrument.,FLUTE,,,,,II202.mp3,MusOpen,PD
II203,Woodwind,FLUTE,Solo,,Bach,Baroque,,A minor,Partita BWV 1013,,Identify the instrument.,FLUTE,,,,,II203.mp3,MusOpen,PD
II204,Woodwind,FLUTE,Solo,,Bach,Baroque,,A minor,Partita BWV 1013,,Identify the instrument.,FLUTE,,,,,II204.mp3,MusOpen,PD
II205,Woodwind,FLUTE,Solo,,Bach,Baroque,,A minor,Partita BWV 1013 (3),,Identify the instrument.,FLUTE,,,,,II205.mp3,MusOpen,PD
II206,Woodwind,FLUTE,Solo,,Bach,Baroque,,A minor,Partita BWV 1013 (3),,Identify the instrument.,FLUTE,,,,,II206.mp3,MusOpen,PD
II207,Woodwind,FLUTE,Solo,,Bach,Baroque,,A minor,Partita BWV 1013 (3),,Identify the instrument.,FLUTE,,,,,II207.mp3,MusOpen,PD
II208,Brass,TRUMPET,Solo,EASY,,,,,Allegro - Rondeau,,Identify the instrument.,TRUMPET,,,,,II208.mp3,MusOpen,PD
II209,Brass,TRUMPET,Solo,EASY,,,,,Allegro - Rondeau,,Identify the instrument.,TRUMPET,,,,,II209.mp3,MusOpen,PD
II210,Brass,TRUMPET,Solo,EASY,,,,,Allegro - Rondeau,,Identify the instrument.,TRUMPET,,,,,II210.mp3,MusOpen,PD
II211,Brass,TRUMPET,Solo,EASY,,,,,Allegro - Rondeau,,Identify the instrument.,TRUMPET,,,,,II211.mp3,MusOpen,PD
II212,Woodwind,FLUTE,Solo,EASY,Kuhlau,Romantic,,,3 Fantasies Op. 38 No.1,,Identify the instrument.,FLUTE,,,,,II212.mp3,MusOpen,PD
II213,Woodwind,FLUTE,Solo,EASY,Kuhlau,Romantic,,,3 Fantasies Op. 38 No.1,,Identify the instrument.,FLUTE,,,,,II213.mp3,MusOpen,PD
II214,Woodwind,FLUTE,Solo,EASY,Kuhlau,Romantic,,,3 Fantasies Op. 38 No.1,,Identify the instrument.,FLUTE,,,,,II214.mp3,MusOpen,PD
II215,Woodwind,FLUTE,Solo,EASY,Kuhlau,Romantic,,,3 Fantasies Op. 38 No.1,,Identify the instrument.,FLUTE,,,,,II215.mp3,MusOpen,PD
II216,Woodwind,FLUTE,Solo,EASY,Kuhlau,Romantic,,,3 Fantasies Op. 38 No.1,,Identify the instrument.,FLUTE,,,,,II216.mp3,MusOpen,PD
II217,Woodwind,FLUTE,Solo,EASY,Kuhlau,Romantic,,,3 Fantasies Op. 38 No.1,,Identify the instrument.,FLUTE,,,,,II217.mp3,MusOpen,PD
II218,Woodwind,FLUTE,Solo,EASY,Kuhlau,Romantic,,,3 Fantasies Op. 38 No.1,,Identify the instrument.,FLUTE,,,,,II218.mp3,MusOpen,PD
II219,Woodwind,FLUTE,Solo,EASY,Andersen,Romantic,,B minor,24 Etudes for Flute Op. 15 (6),,Identify the instrument.,FLUTE,,,,,II219.mp3,MusOpen,PD
II220,Woodwind,FLUTE,Solo,EASY,Andersen,Romantic,,B minor,24 Etudes for Flute Op. 15 (6),,Identify the instrument.,FLUTE,,,,,II220.mp3,MusOpen,PD
II221,Woodwind,FLUTE,Solo,EASY,Andersen,Romantic,,B minor,24 Etudes for Flute Op. 15 (6),,Identify the instrument.,FLUTE,,,,,II221.mp3,MusOpen,PD
II222,Woodwind,FLUTE,Solo,EASY,Andersen,Romantic,,B minor,24 Etudes for Flute Op. 15 (6),,Identify the instrument.,FLUTE,,,,,II222.mp3,MusOpen,PD
II223,Woodwind,FLUTE,Solo,EASY,CPE Bach,Baroque,,A minor,Flute Sonata H562 (1),,Identify the instrument.,FLUTE,,,,,II223.mp3,MusOpen,PD
II224,Woodwind,FLUTE,Solo,EASY,CPE Bach,Baroque,,A minor,Flute Sonata H562 (1),,Identify the instrument.,FLUTE,,,,,II224.mp3,MusOpen,PD
II225,Woodwind,FLUTE,Solo,EASY,CPE Bach,Baroque,,A minor,Flute Sonata H562 (1),,Identify the instrument.,FLUTE,Name the ornament in the excerpt.,TRILL,,,II225.mp3,MusOpen,PD
II226,Woodwind,FLUTE,Solo,EASY,CPE Bach,Baroque,,A minor,Flute Sonata H562 (1),,Identify the instrument.,FLUTE,,,,,II226.mp3,MusOpen,PD
II227,Woodwind,FLUTE,Solo,EASY,CPE Bach,Baroque,,A minor,Flute Sonata H562 (1),,Identify the instrument.,FLUTE,,,,,II227.mp3,MusOpen,PD
II228,Brass,TRUMPET,Solo,MEDIUM,,,,,2 Siciliano Rondeau Arr.,,Identify the instrument.,TRUMPET,,,,,II228.mp3,MusOpen,PD
II229,Brass,TRUMPET,Solo,MEDIUM,,,,,2 Siciliano Rondeau Arr.,,Identify the instrument.,TRUMPET,,,,,II229.mp3,MusOpen,PD
II230,Brass,TRUMPET,Solo,MEDIUM,,,,,2 Siciliano Rondeau Arr.,,Identify the instrument.,TRUMPET,,,,,II230.mp3,MusOpen,PD
II231,Brass,TRUMPET,Solo,MEDIUM,,,,,2 Siciliano Rondeau Arr.,,Identify the instrument.,TRUMPET,,,,,II231.mp3,MusOpen,PD
II232,Woodwind,OBOE,Orchestral,,,,,,Concerto for Oboe and Orch.,,Identify the solo instrument.,OBOE,,,,,II232.mp3,MusOpen,PD
II233,Woodwind,OBOE,Orchestral,,,,,,Concerto for Oboe and Orch.,,Identify the solo instrument.,OBOE,,,,,II233.mp3,MusOpen,PD
II234,Woodwind,OBOE,Orchestral,,,,,,Concerto for Oboe and Orch.,,Identify the solo instrument.,OBOE,,,,,II234.mp3,MusOpen,PD
II235,Woodwind,OBOE,Orchestral,,,,,,Concerto for Oboe and Orch.,,Identify the solo instrument.,OBOE,,,,,II235.mp3,MusOpen,PD
II236,Woodwind,OBOE,Orchestral,,,,,,Concerto for Oboe and Orch.,,Identify the solo instrument.,OBOE,,,,,II236.mp3,MusOpen,PD
II237,Woodwind,OBOE,Orchestral,,,,,,Concerto for Oboe and Orch.,,Identify the solo instrument.,OBOE,,,,,II237.mp3,MusOpen,PD
II238,Woodwind,OBOE,Orchestral,,,,,,Concerto for Oboe and Orch.,,Identify the solo instrument.,OBOE,,,,,II238.mp3,MusOpen,PD
II239,Woodwind,OBOE,Orchestral,,,,,,Concerto for Oboe and Orch.,,Identify the solo instrument.,OBOE,,,,,II239.mp3,MusOpen,PD
II240,Woodwind,OBOE,Orchestral,,,,,,Concerto for Oboe and Orch.,,Identify the solo instrument.,OBOE,,,,,II240.mp3,MusOpen,PD
II241,Woodwind,OBOE,Orchestral,,Telemann,Baroque,,,Oboe Concerto TWV 51,,Identify the solo instrument.,OBOE,,,,,II241.mp3,MusOpen,PD
II242,Woodwind,OBOE,Orchestral,,Telemann,Baroque,,,Oboe Concerto TWV 51,,Identify the solo instrument.,OBOE,,,,,II242.mp3,MusOpen,PD
II243,Woodwind,OBOE,Orchestral,,Telemann,Baroque,,,Oboe Concerto TWV 51,,Identify the solo instrument.,OBOE,,,,,II243.mp3,MusOpen,PD
II244,Woodwind,OBOE,Orchestral,,Telemann,Baroque,,,Oboe Concerto TWV 51,,Identify the solo instrument.,OBOE,,,,,II244.mp3,MusOpen,PD
II245,Woodwind,OBOE,Orchestral,,Telemann,Baroque,,,Oboe Concerto TWV 51,,Identify the solo instrument.,OBOE,,,,,II245.mp3,MusOpen,PD
II246,Woodwind,OBOE,Orchestral,,Telemann,Baroque,,,Oboe Concerto TWV 51,,Identify the solo instrument.,OBOE,,,,,II246.mp3,MusOpen,PD
II247,Woodwind,OBOE,Orchestral,,Telemann,Baroque,,,Oboe Concerto TWV 51,,Identify the solo instrument.,OBOE,,,,,II247.mp3,MusOpen,PD
II248,Woodwind,OBOE,Orchestral,,Telemann,Baroque,,,Oboe Concerto TWV 51,,Identify the solo instrument.,OBOE,,,,,II248.mp3,MusOpen,PD
II249,Woodwind,OBOE,Orchestral,,Telemann,Baroque,,,Oboe Concerto TWV 51,,Identify the solo instrument.,OBOE,,,,,II249.mp3,MusOpen,PD
II250,Woodwind,OBOE,Orchestral,,,,,F minor,Oboe Concerto F minor,,Identify the solo instrument.,OBOE,,,,,II250.mp3,MusOpen,PD
II251,Woodwind,OBOE,Orchestral,,,,,F minor,Oboe Concerto F minor,,Identify the solo instrument.,OBOE,,,,,II251.mp3,MusOpen,PD
II252,Woodwind,OBOE,Orchestral,,,,,F minor,Oboe Concerto F minor,,Identify the solo instrument.,OBOE,,,,,II252.mp3,MusOpen,PD
II253,Woodwind,OBOE,Orchestral,,,,,F minor,Oboe Concerto F minor,,Identify the solo instrument.,OBOE,,,,,II253.mp3,MusOpen,PD
II254,BRASS,TRUMPET,Organ Accomp.,,,,,,Oboe Sonata FAWB,Trumpet,Identify the solo instrument.,TRUMPET,,,,,II254.mp3,MusOpen,PD
II255,BRASS,TRUMPET,Organ Accomp.,,,,,,Oboe Sonata FAWB,Trumpet,Identify the solo instrument.,TRUMPET,,,,,II255.mp3,MusOpen,PD
II256,Woodwind,OBOE,Orchestral,,,,,A Major,Oboe Concerto BWV1055,Oboe d'amor?,Identify the solo instrument.,OBOE,,,,,II256.mp3,MusOpen,PD
II257,Woodwind,OBOE,Orchestral,,,,,A Major,Oboe Concerto BWV1055,Oboe d'amor?,Identify the solo instrument.,OBOE,,,,,II257.mp3,MusOpen,PD
II258,Woodwind,OBOE,Orchestral,,,,,A Major,Oboe Concerto BWV1055,Oboe d'amor?,Identify the solo instrument.,OBOE,,,,,II258.mp3,MusOpen,PD
II259,Woodwind,OBOE,Orchestral,,,,,A Major,Oboe Concerto BWV1055,Oboe d'amor?,Identify the solo instrument.,OBOE,,,,,II259.mp3,MusOpen,PD
II260,Woodwind,OBOE,Orchestral,,,,,A Major,Oboe Concerto BWV1055,Oboe d'amor?,Identify the solo instrument.,OBOE,,,,,II260.mp3,MusOpen,PD
II261,Woodwind,OBOE,Orchestral,,,,,A Major,Oboe Concerto BWV1055,Oboe d'amor?,Identify the solo instrument.,OBOE,,,,,II261.mp3,MusOpen,PD
II262,Woodwind,OBOE,Orchestral,,,,,A Major,Oboe Concerto BWV1055,Oboe d'amor?,Identify the solo instrument.,OBOE,,,,,II262.mp3,MusOpen,PD
II263,Woodwind,OBOE,Orchestral,,,,,A Major,Oboe Concerto BWV1055,Oboe d'amor?,Identify the solo instrument.,OBOE,,,,,II263.mp3,MusOpen,PD
II264,Woodwind,OBOE,Piano Accomp.,,,,,,Chansonette,,Identify the solo instrument.,OBOE,,,,,II264.mp3,MusOpen,PD
II265,Woodwind,OBOE,Piano Accomp.,,,,,,Chansonette,,Identify the solo instrument.,OBOE,,,,,II265.mp3,MusOpen,PD
II266,Woodwind,OBOE,Piano Accomp.,,,,,,Chansonette,,Identify the solo instrument.,OBOE,,,,,II266.mp3,MusOpen,PD
II267,Woodwind,OBOE,Piano Accomp.,,,,,,Chansonette,,Identify the solo instrument.,OBOE,,,,,II267.mp3,MusOpen,PD
II268,Woodwind,OBOE,Harpsichord,,,,,,La Gracieuse (5) Napoltano,w/ bassoon,Identify the solo instrument.,OBOE,,,,,II268.mp3,MusOpen,PD
II269,Woodwind,OBOE,Harpsichord,,,,,,La Gracieuse (5) Napoltano,w/ bassoon,Identify the solo instrument.,OBOE,,,,,II269.mp3,MusOpen,PD
II270,Woodwind,OBOE,Harpsichord,,,,,,La Gracieuse (5) Napoltano,w/ bassoon,Identify the solo instrument.,OBOE,,,,,II270.mp3,MusOpen,PD
II271,Woodwind,OBOE,Harpsichord,,,,,,La Gracieuse (1) Prelude,w/ bassoon,Identify the solo instrument.,OBOE,,,,,II271.mp3,MusOpen,PD
II272,Woodwind,OBOE,Harpsichord,,,,,,La Gracieuse (1) Prelude,w/ bassoon,Identify the solo instrument.,OBOE,,,,,II272.mp3,MusOpen,PD
II273,Woodwind,OBOE,Harpsichord,,,,,,La Gracieuse (1) Prelude,w/ bassoon,Identify the solo instrument.,OBOE,,,,,II273.mp3,MusOpen,PD
II274,Woodwind,OBOE,Harpsichord,,,,,,La Gracieuse (6) Minuet,,Identify the solo instrument.,OBOE,,,,,II274.mp3,MusOpen,PD
II275,Woodwind,OBOE,Harpsichord,,,,,,La Gracieuse (6) Minuet,,Identify the solo instrument.,OBOE,,,,,II275.mp3,MusOpen,PD
II276,Woodwind,OBOE,Orchestral,HARD,,,,B flat Major,Oboe Concerto HWV 302,Oboe hidden in texture,Identify the solo instrument.,OBOE,,,,,II276.mp3,MusOpen,PD
II277,Woodwind,OBOE,Orchestral,EASY,,,,B flat Major,Oboe Concerto HWV 302,,Identify the solo instrument.,OBOE,,,,,II277.mp3,MusOpen,PD
II278,Woodwind,OBOE,Orchestral,VERY HARD,,,,B flat Major,Oboe Concerto HWV 302,Oboe hidden in texture,Identify the solo instrument.,OBOE,,,,,II278.mp3,MusOpen,PD
II279,Woodwind,OBOE,Orchestral,MEDIUM,,,,B flat Major,Oboe Concerto HWV 302,,Identify the solo instrument.,OBOE,,,,,II279.mp3,MusOpen,PD
II280,Woodwind,OBOE,Orchestral,HARD,,,,B flat Major,Oboe Concerto HWV 302,Oboe hidden in texture,Identify the solo instrument.,OBOE,,,,,II280.mp3,MusOpen,PD
II281,Woodwind,OBOE,Orchestral,HARD,,,,B flat Major,Oboe Concerto HWV 302,Oboe hidden in texture,Identify the solo instrument.,OBOE,,,,,II281.mp3,MusOpen,PD
II282,Woodwind,OBOE,Orchestral,HARD,,,,B flat Major,Oboe Concerto HWV 302,Oboe hidden in texture,Identify the solo instrument.,OBOE,,,,,II282.mp3,MusOpen,PD
II283,Woodwind,OBOE,Orchestral,HARD,,,,B flat Major,Oboe Concerto HWV 302,Oboe hidden in texture,Identify the solo instrument.,OBOE,,,,,II283.mp3,MusOpen,PD
II284,Woodwind,OBOE,Orchestral,HARD,,,,B flat Major,Oboe Concerto HWV 302,Oboe hidden in texture,Identify the solo instrument.,OBOE,,,,,II284.mp3,MusOpen,PD
II285,Woodwind,OBOE,Orchestral,MEDIUM,,,,C minor,Oboe Concerto ,Harpsichord,Identify the solo instrument.,OBOE,,,,,,MusOpen,PD
II286,Woodwind,OBOE,Orchestral,MEDIUM,,,,C minor,Oboe Concerto ,Harpsichord,Identify the solo instrument.,OBOE,,,,,,MusOpen,PD
II287,Woodwind,OBOE,Orchestral,MEDIUM,,,,C minor,Oboe Concerto ,Harpsichord,Identify the solo instrument.,OBOE,,,,,,MusOpen,PD
II288,Woodwind,RECORDER,Solo,HARD,,,,C Major,Fantasy in C,,Identify the solo instrument.,RECORDER,,,,,,MusOpen,PD
II289,Woodwind,RECORDER,Solo,HARD,,,,C Major,Fantasy in C,,Identify the solo instrument.,RECORDER,,,,,,MusOpen,PD
II290,Woodwind,RECORDER,Solo,HARD,,,,C Major,Fantasy in C,,Identify the solo instrument.,RECORDER,,,,,,MusOpen,PD
II291,Woodwind,RECORDER,Solo,HARD,,,,C Major,Fantasy in C,,Identify the solo instrument.,RECORDER,,,,,,MusOpen,PD
II292,Woodwind,RECORDER,Solo,HARD,,,,C Major,Fantasy in C,,Identify the solo instrument.,RECORDER,,,,,,MusOpen,PD
II293,Woodwind,OBOE,Orchestral,MEDIUM,,,,A minor,Concerto for Oboe & Strings,,Identify the solo instrument.,OBOE,,,,,,MusOpen,PD
II294,Woodwind,OBOE,Orchestral,MEDIUM,,,,A minor,Concerto for Oboe & Strings,,Identify the solo instrument.,OBOE,,,,,,MusOpen,PD
II295,Woodwind,OBOE,Orchestral,MEDIUM,,,,A minor,Concerto for Oboe & Strings,,Identify the solo instrument.,OBOE,,,,,,MusOpen,PD
II296,Woodwind,OBOE,Orchestral,MEDIUM,,,,A minor,Concerto for Oboe & Strings,,Identify the solo instrument.,OBOE,,,,,,MusOpen,PD
II297,Woodwind,OBOE,Orchestral,MEDIUM,,,,A minor,Concerto for Oboe & Strings,,Identify the solo instrument.,OBOE,,,,,,MusOpen,PD
II298,Woodwind,OBOE,Orchestral,MEDIUM,,,,A minor,Concerto for Oboe & Strings,,Identify the solo instrument.,OBOE,,,,,,MusOpen,PD
II299,Woodwind,OBOE,Orchestral,MEDIUM,,,,A minor,Concerto for Oboe & Strings,,Identify the solo instrument.,OBOE,,,,,,MusOpen,PD
II300,Brass,TRUMPET,Organ Accomp.,,,,,B flat Major,Oboe Sonata HWV357 (3),Trumpet,Identify the solo instrument.,TRUMPET,,,,,,MusOpen,PD
II301,Brass,TRUMPET,Organ Accomp.,,,,,B flat Major,Oboe Sonata HWV357 (3),Trumpet,Identify the solo instrument.,TRUMPET,,,,,,MusOpen,PD
II302,Brass,TRUMPET,Organ Accomp.,,,,,B flat Major,Oboe Sonata HWV357 (3),Trumpet,Identify the solo instrument.,TRUMPET,,,,,,MusOpen,PD
II303,Woodwind,OBOE,Orchestral,,,,,B flat Major,Oboe Sonata Bb major,Harpsichord,Identify the solo instrument.,OBOE,,,,,,MusOpen,PD
II304,Woodwind,OBOE,Orchestral,,,,,B flat Major,Oboe Sonata Bb major,Harpsichord,Identify the solo instrument.,OBOE,,,,,,MusOpen,PD
II305,Woodwind,OBOE,Orchestral,,,,,B flat Major,Oboe Sonata Bb major,Harpsichord,Identify the solo instrument.,OBOE,,,,,,MusOpen,PD
II306,Woodwind,OBOE,Orchestral,,,,,B flat Major,Oboe Sonata Bb major,Harpsichord,Identify the solo instrument.,OBOE,,,,,,MusOpen,PD
II307,Brass,TRUMPET,Organ Accomp.,,,,,B flat Major,Oboe Sonata HWV357 (2),Trumpet,Identify the solo instrument.,TRUMPET,,,,,,MusOpen,PD
II308,Brass,TRUMPET,Organ Accomp.,,,,,B flat Major,Oboe Sonata HWV357 (2),Trumpet,Identify the solo instrument.,TRUMPET,,,,,,MusOpen,PD
II309,Brass,TRUMPET,Organ Accomp.,,,,,B flat Major,Oboe Sonata HWV357 (2),Trumpet,Identify the solo instrument.,TRUMPET,,,,,,MusOpen,PD
II310,Woodwind,OBOE,Orchestral,,,,,,Oboe Concerto TWV51 ,Harpsichord,Identify the solo instrument.,OBOE,,,,,,MusOpen,PD
II311,Woodwind,OBOE,Orchestral,,,,,,Oboe Concerto TWV51 ,Harpsichord,Identify the solo instrument.,OBOE,,,,,,MusOpen,PD
II312,Woodwind,OBOE,Orchestral,,,,,,Oboe Concerto TWV51 ,Harpsichord,Identify the solo instrument.,OBOE,,,,,,MusOpen,PD
II313,Woodwind,OBOE,Orchestral,,,,,,Oboe Concerto TWV51 ,Harpsichord,Identify the solo instrument.,OBOE,,,,,,MusOpen,PD
II314,Woodwind,OBOE,Orchestral,,,,,,Oboe Concerto TWV51 ,Harpsichord,Identify the solo instrument.,OBOE,,,,,,MusOpen,PD
II315,Woodwind,BASSOON,Piano Accomp.,,,,,,Bassoon Sonata Op. 168,Allegro Moderato,Identify the solo instrument.,BASSOON,,,,,,MusOpen,PD
II316,Woodwind,BASSOON,Piano Accomp.,,,,,,Bassoon Sonata Op. 168,Allegro Moderato,Identify the solo instrument.,BASSOON,,,,,,MusOpen,PD
II317,Woodwind,BASSOON,Piano Accomp.,,,,,,Bassoon Sonata Op. 168,Allegro Moderato,Identify the solo instrument.,BASSOON,,,,,,MusOpen,PD
II318,Woodwind,BASSOON,Piano Accomp.,,,,,,Bassoon Sonata Op. 168,Allegro Moderato,Identify the solo instrument.,BASSOON,,,,,,MusOpen,PD
II319,Woodwind,BASSOON,Piano Accomp.,,,,,,Bassoon Sonata Op. 168,Allegro Scherzando,Identify the solo instrument.,BASSOON,,,,,,MusOpen,PD
II320,Woodwind,BASSOON,Piano Accomp.,,,,,,Bassoon Sonata Op. 168,Allegro Scherzando,Identify the solo instrument.,BASSOON,,,,,,MusOpen,PD
II321,Woodwind,BASSOON,Piano Accomp.,,,,,,Bassoon Sonata Op. 168,Allegro Scherzando,Identify the solo instrument.,BASSOON,,,,,,MusOpen,PD
II322,Woodwind,BASSOON,Piano Accomp.,,,,,,Bassoon Sonata Op. 168,Allegro Scherzando,Identify the solo instrument.,BASSOON,,,,,,MusOpen,PD
II323,Woodwind,BASSOON,Piano Accomp.,,,,,,Bassoon Sonata Op. 168,Allegro Scherzando,Identify the solo instrument.,BASSOON,,,,,,MusOpen,PD
II324,Woodwind,BASSOON,Piano Accomp.,,,,,,Bassoon Sonata Op. 168,Molto Adagio,Identify the solo instrument.,BASSOON,,,,,,MusOpen,PD
II325,Woodwind,BASSOON,Piano Accomp.,,,,,,Bassoon Sonata Op. 168,Molto Adagio,Identify the solo instrument.,BASSOON,,,,,,MusOpen,PD
II326,Woodwind,BASSOON,Piano Accomp.,,,,,,Bassoon Sonata Op. 168,Molto Adagio,Identify the solo instrument.,BASSOON,,,,,,MusOpen,PD
II327,Woodwind,BASSOON,Piano Accomp.,,,,,,Bassoon Sonata Op. 168,Molto Adagio,Identify the solo instrument.,BASSOON,,,,,,MusOpen,PD
II328,Woodwind,BASSOON,Piano Accomp.,,,,,,Bassoon Sonata Op. 168,Molto Adagio,Identify the solo instrument.,BASSOON,,,,,,MusOpen,PD
II329,Woodwind,BASSOON,Piano Accomp.,,,,,,Adagio,,Identify the solo instrument.,BASSOON,,,,,,MusOpen,PD
II330,Woodwind,BASSOON,Piano Accomp.,,,,,,Adagio,,Identify the solo instrument.,BASSOON,,,,,,MusOpen,PD
II331,Woodwind,BASSOON,Piano Accomp.,,,,,,Adagio,,Identify the solo instrument.,BASSOON,,,,,,MusOpen,PD
II332,Woodwind,BASSOON,Piano Accomp.,,,,,,Adagio,,Identify the solo instrument.,BASSOON,,,,,,MusOpen,PD
II333,Brass,TRUMPET,Organ Accomp.,,Fasch,Baroque,,C Major,Sonata in C major WP4,,Identify the solo instrument.,TRUMPET,,,,,,MusOpen,PD
II334,Brass,TROMBONE,Organ Accomp.,,Fasch,Baroque,,C Major,Sonata in C major WP4,,Identify the second solo instrument you hear.,TROMBONE,,,,,,MusOpen,PD
II335,Brass,TROMBONE,Organ Accomp.,,Fasch,Baroque,,C Major,Sonata in C major WP4,,Identify the solo instrument.,TROMBONE,Name the melodic device used.,SEQUENCE,Staccato,,,MusOpen,PD
II336,Brass,TROMBONE,Organ Accomp.,,Fasch,Baroque,,C Major,Sonata in C major WP4,,Identify the solo instrument.,TROMBONE,,,,,,MusOpen,PD
II337,Brass,TROMBONE,Organ Accomp.,,Fasch,Baroque,,C Major,Sonata in C major WP4,,Identify the solo instrument.,TROMBONE,,,,,,MusOpen,PD
II338,Brass,TROMBONE,Organ Accomp.,,Fasch,Baroque,,C Major,Sonata in C major WP4,,Identify the solo instrument.,TROMBONE,Name the ornament in the excerpt.,TRILL,,,,MusOpen,PD
II339,Brass,TROMBONE,Organ Accomp.,,Fasch,Baroque,,C Major,Sonata in C major WP4,,Identify the solo instrument.,TROMBONE,,,,,,MusOpen,PD
II340,Brass,TROMBONE,Organ Accomp.,,Fasch,Baroque,,C Major,Sonata in C major WP4,,Identify the first solo instrument you hear.,TROMBONE,Name the melodic device used.,SEQUENCE,,,,MusOpen,PD
II341,Brass,TROMBONE,Organ Accomp.,,Fasch,Baroque,,C Major,Sonata in C major WP4,,Identify the solo instrument.,TROMBONE,Name the melodic device used.,SEQUENCE,,,,MusOpen,PD
II342,Brass,TRUMPET,Organ Accomp.,,Fasch,Baroque,,C Major,Sonata in C major WP4,,Identify the solo instrument.,TRUMPET,Name the ornament in the excerpt.,Trill/Turn,,,,MusOpen,PD
II343,Brass,TROMBONE,Organ Accomp.,,Fasch,Baroque,,C Major,Sonata in C major WP4,,Identify the second solo instrument you hear.,TROMBONE,Name the melodic device used.,SEQUENCE,Staccato,,,MusOpen,PD
II344,Woodwind,BASSOON,Orchestral,,Vivaldi,Baroque,,C Major,Sonata No. 31 RV476,,Identify the solo instrument.,BASSOON,Name the melodic device used.,SEQUENCE,,,,MusOpen,PD
II345,Woodwind,BASSOON,Orchestral,,Vivaldi,Baroque,,C Major,Sonata No. 31 RV476,,Identify the solo instrument.,BASSOON,,,,,,MusOpen,PD
II346,Woodwind,BASSOON,Orchestral,,Vivaldi,Baroque,,C Major,Sonata No. 31 RV476,,Identify the solo instrument.,BASSOON,,,,,,MusOpen,PD
II347,Woodwind,BASSOON,Orchestral,,Vivaldi,Baroque,,C Major,Sonata No. 31 RV476,,Identify the solo instrument.,BASSOON,,,,,,MusOpen,PD
II348,Woodwind,BASSOON,Orchestral,,Vivaldi,Baroque,,C Major,Sonata No. 31 RV476,,Identify the solo instrument.,BASSOON,,,,,,MusOpen,PD
II349,Woodwind,BASSOON,Orchestral,,Vivaldi,Baroque,,C Major,Sonata No. 31 RV476,,Identify the solo instrument.,BASSOON,,,,,,MusOpen,PD
II350,Woodwind,BASSOON,Orchestral,,Vivaldi,Baroque,,C Major,Sonata No. 31 RV476,,Identify the solo instrument.,BASSOON,,,,,,MusOpen,PD
II351,Woodwind,BASSOON,Orchestral,,Vivaldi,Baroque,,C Major,Sonata No. 31 RV476,,Identify the solo instrument.,BASSOON,,,Staccato,,,MusOpen,PD
II352,Woodwind,BASSOON,Orchestral,,Vivaldi,Baroque,,C Major,Sonata No. 31 RV476,,Identify the solo instrument.,BASSOON,Name the melodic device used.,SEQUENCE,Staccato,,,MusOpen,PD
II353,Woodwind,BASSOON,Orchestral,,Vivaldi,Baroque,,C Major,Sonata No. 31 RV476,,Identify the solo instrument.,BASSOON,Descending Sequence,DESCENDING SEQUENCE,Staccato,,,MusOpen,PD
II354,Woodwind,BASSOON,Orchestral,,Mozart,Classical,,B flat Major,Concerto No. 4,Harpsichord,Identify the solo instrument.,BASSOON,,,,,,MusOpen,PD
II355,Woodwind,BASSOON,Orchestral,,Mozart,Classical,,B flat Major,Concerto No. 4,Harpsichord,Identify the solo instrument.,BASSOON,Name the melodic device used.,SEQUENCE,,,,MusOpen,PD
II356,Woodwind,BASSOON,Orchestral,,Mozart,Classical,,B flat Major,Concerto No. 4,Harpsichord,Identify the solo instrument.,BASSOON,Name the ornament in the excerpt.,TRILL,,,,MusOpen,PD
II357,Woodwind,BASSOON,Orchestral,,Mozart,Classical,,B flat Major,Concerto No. 4,Harpsichord,Identify the solo instrument.,BASSOON,,,,,,MusOpen,PD
II358,Woodwind,BASSOON,Orchestral,,Mozart,Classical,,B flat Major,Concerto No. 4 (2),Harpsichord,Identify the solo instrument.,BASSOON,,,,,,MusOpen,PD
II359,Woodwind,BASSOON,Orchestral,,Mozart,Classical,,B flat Major,Concerto No. 4 (2),Harpsichord,Identify the solo instrument.,BASSOON,Name the melodic device used.,SEQUENCE,,,,MusOpen,PD
II360,Woodwind,BASSOON,Orchestral,,Mozart,Classical,,B flat Major,Concerto No. 4 (3),Harpsichord,Identify the solo instrument.,BASSOON,,,,,,MusOpen,PD
II361,Woodwind,BASSOON,Orchestral,,Mozart,Classical,,B flat Major,Concerto No. 4 (3),Harpsichord,Identify the solo instrument.,BASSOON,,,,,,MusOpen,PD
II362,Woodwind,BASSOON,Orchestral,,Vivaldi,Baroque,,A minor,Concerto for Bassoon (1),Harpsichord,Identify the solo instrument.,BASSOON,,,,,,MusOpen,PD
II363,Woodwind,BASSOON,Orchestral,,Vivaldi,Baroque,,A minor,Concerto for Bassoon (1),Harpsichord,Identify the solo instrument.,BASSOON,,,,,,MusOpen,PD
II364,Woodwind,BASSOON,Orchestral,,Vivaldi,Baroque,,A minor,Concerto for Bassoon (1),Harpsichord,Identify the solo instrument.,BASSOON,,,,,,MusOpen,PD
II365,Woodwind,BASSOON,Orchestral,,Vivaldi,Baroque,,A minor,Concerto for Bassoon (2),Harpsichord,Identify the solo instrument.,BASSOON,,,,,,MusOpen,PD
II366,Woodwind,BASSOON,Orchestral,,Vivaldi,Baroque,,A minor,Concerto for Bassoon (2),Harpsichord,Identify the solo instrument.,BASSOON,Ascending Sequence,ASCENDING SEQUENCE,,,,MusOpen,PD
II367,Woodwind,BASSOON,Orchestral,,Vivaldi,Baroque,,A minor,Concerto for Bassoon (3),Harpsichord,Identify the solo instrument.,BASSOON,Name the melodic device used.,SEQUENCE,,,,MusOpen,PD
II368,Woodwind,BASSOON,Orchestral,,Vivaldi,Baroque,,A minor,Concerto for Bassoon (3),Harpsichord,Identify the solo instrument.,BASSOON,Name the melodic device used.,SEQUENCE,,,,MusOpen,PD
II369,Woodwind,BASSOON,Orchestral,,Vivaldi,Baroque,,A minor,Concerto for Bassoon (3),Harpsichord,Identify the solo instrument.,BASSOON,Name the melodic device used.,SEQUENCE,,,,MusOpen,PD
II370,Woodwind,BASSOON,Orchestral,,Vivaldi,Baroque,,A minor,Concerto for Bassoon (3),Harpsichord,Identify the solo instrument.,BASSOON,Name the melodic device used.,SEQUENCE,,,,MusOpen,PD
II371,Brass,TRUMPET,Orchestral,,,,,D Major,12 Concertos Op.7 (6),,Identify the solo instrument.,TRUMPET,,,,,,,
II372,Brass,TRUMPET,Orchestral,,,,,D Major,12 Concertos Op.7 (6),,Identify the solo instrument.,TRUMPET,Name the melodic device used.,SEQUENCE,,,,,
II373,Brass,TRUMPET,Orchestral,,,,,D Major,12 Concertos Op.7 (6),,Identify the solo instrument.,TRUMPET,,,,,,,
II374,Woodwind,BASSOON,Orchestral,,,,,G minor,Nocturne No. 3,,Identify the solo instrument.,BASSOON,,,,,,,
II375,Woodwind,BASSOON,Orchestral,,,,,G minor,Nocturne No. 3,,Identify the first instrument you hear.,BASSOON,,,,,,,
II376,,,,,,,,,,,,,,,,,,,
II377,,,,,,,,,,,,,,,,,,,
II378,,,,,,,,,,,,,,,,,,,
II379,,,,,,,,,,,,,,,,,,,
II380,,,,,,,,,,,,,,,,,,,
II381,,,,,,,,,,,,,,,,,,,
II382,,,,,,,,,,,,,,,,,,,
II383,,,,,,,,,,,,,,,,,,,
II384,,,,,,,,,,,,,,,,,,,
II385,,,,,,,,,,,,,,,,,,,
II386,,,,,,,,,,,,,,,,,,,
II387,,,,,,,,,,,,,,,,,,,
II388,,,,,,,,,,,,,,,,,,,
II389,,,,,,,,,,,,,,,,,,,
II390,,,,,,,,,,,,,,,,,,,
II391,,,,,,,,,,,,,,,,,,,
II392,,,,,,,,,,,,,,,,,,,
II393,,,,,,,,,,,,,,,,,,,
II394,,,,,,,,,,,,,,,,,,,
II395,,,,,,,,,,,,,,,,,,,
II396,,,,,,,,,,,,,,,,,,,
II397,,,,,,,,,,,,,,,,,,,
II398,,,,,,,,,,,,,,,,,,,
II399,,,,,,,,,,,,,,,,,,,
II400,,,,,,,,,,,,,,,,,,,
II401,,,,,,,,,,,,,,,,,,,
II402,,,,,,,,,,,,,,,,,,,
II403,,,,,,,,,,,,,,,,,,,
II404,,,,,,,,,,,,,,,,,,,
II405,,,,,,,,,,,,,,,,,,,
II406,,,,,,,,,,,,,,,,,,,
II407,,,,,,,,,,,,,,,,,,,
II408,,,,,,,,,,,,,,,,,,,
II409,,,,,,,,,,,,,,,,,,,
II410,,,,,,,,,,,,,,,,,,,
II411,,,,,,,,,,,,,,,,,,,
II412,,,,,,,,,,,,,,,,,,,
II413,,,,,,,,,,,,,,,,,,,
II414,,,,,,,,,,,,,,,,,,,
II415,,,,,,,,,,,,,,,,,,,
II416,,,,,,,,,,,,,,,,,,,
II417,,,,,,,,,,,,,,,,,,,
II418,,,,,,,,,,,,,,,,,,,
II419,,,,,,,,,,,,,,,,,,,
II420,,,,,,,,,,,,,,,,,,,
II421,,,,,,,,,,,,,,,,,,,
II422,,,,,,,,,,,,,,,,,,,
II423,,,,,,,,,,,,,,,,,,,
II424,,,,,,,,,,,,,,,,,,,
II425,,,,,,,,,,,,,,,,,,,
II426,,,,,,,,,,,,,,,,,,,
II427,,,,,,,,,,,,,,,,,,,
II428,,,,,,,,,,,,,,,,,,,
II429,,,,,,,,,,,,,,,,,,,
II430,,,,,,,,,,,,,,,,,,,
II431,,,,,,,,,,,,,,,,,,,
II432,,,,,,,,,,,,,,,,,,,
II433,,,,,,,,,,,,,,,,,,,
II434,,,,,,,,,,,,,,,,,,,
II435,,,,,,,,,,,,,,,,,,,
II436,,,,,,,,,,,,,,,,,,,
II437,,,,,,,,,,,,,,,,,,,
II438,,,,,,,,,,,,,,,,,,,
II439,,,,,,,,,,,,,,,,,,,
II440,,,,,,,,,,,,,,,,,,,
II441,,,,,,,,,,,,,,,,,,,
II442,,,,,,,,,,,,,,,,,,,
II443,,,,,,,,,,,,,,,,,,,
II444,,,,,,,,,,,,,,,,,,,
II445,,,,,,,,,,,,,,,,,,,
II446,,,,,,,,,,,,,,,,,,,
II447,,,,,,,,,,,,,,,,,,,
II448,,,,,,,,,,,,,,,,,,,
II449,,,,,,,,,,,,,,,,,,,
II450,,,,,,,,,,,,,,,,,,,
II451,,,,,,,,,,,,,,,,,,,
II452,,,,,,,,,,,,,,,,,,,
II453,,,,,,,,,,,,,,,,,,,
II454,,,,,,,,,,,,,,,,,,,
II455,,,,,,,,,,,,,,,,,,,
II456,,,,,,,,,,,,,,,,,,,
II457,,,,,,,,,,,,,,,,,,,
II458,,,,,,,,,,,,,,,,,,,
II459,,,,,,,,,,,,,,,,,,,
II460,,,,,,,,,,,,,,,,,,,
II461,,,,,,,,,,,,,,,,,,,
II462,,,,,,,,,,,,,,,,,,,
II463,,,,,,,,,,,,,,,,,,,
II464,,,,,,,,,,,,,,,,,,,
II465,,,,,,,,,,,,,,,,,,,
II466,,,,,,,,,,,,,,,,,,,
II467,,,,,,,,,,,,,,,,,,,
II468,,,,,,,,,,,,,,,,,,,
II469,,,,,,,,,,,,,,,,,,,
II470,,,,,,,,,,,,,,,,,,,
II471,,,,,,,,,,,,,,,,,,,
II472,,,,,,,,,,,,,,,,,,,
II473,,,,,,,,,,,,,,,,,,,
II474,,,,,,,,,,,,,,,,,,,
II475,,,,,,,,,,,,,,,,,,,
II476,,,,,,,,,,,,,,,,,,,
II477,,,,,,,,,,,,,,,,,,,
II478,,,,,,,,,,,,,,,,,,,
II479,,,,,,,,,,,,,,,,,,,
II480,,,,,,,,,,,,,,,,,,,
II481,,,,,,,,,,,,,,,,,,,
II482,,,,,,,,,,,,,,,,,,,
II483,,,,,,,,,,,,,,,,,,,
II484,,,,,,,,,,,,,,,,,,,
II485,,,,,,,,,,,,,,,,,,,
II486,,,,,,,,,,,,,,,,,,,
II487,,,,,,,,,,,,,,,,,,,
II488,,,,,,,,,,,,,,,,,,,
II489,,,,,,,,,,,,,,,,,,,
II490,,,,,,,,,,,,,,,,,,,
II491,,,,,,,,,,,,,,,,,,,
II492,,,,,,,,,,,,,,,,,,,
II493,,,,,,,,,,,,,,,,,,,
II494,,,,,,,,,,,,,,,,,,,
II495,,,,,,,,,,,,,,,,,,,
II496,,,,,,,,,,,,,,,,,,,
II497,,,,,,,,,,,,,,,,,,,
II498,,,,,,,,,,,,,,,,,,,
II499,,,,,,,,,,,,,,,,,,,
II500,,,,,,,,,,,,,,,,,,,
II501,,,,,,,,,,,,,,,,,,,
II502,,,,,,,,,,,,,,,,,,,
II503,,,,,,,,,,,,,,,,,,,
II504,,,,,,,,,,,,,,,,,,,
II505,,,,,,,,,,,,,,,,,,,
II506,,,,,,,,,,,,,,,,,,,
II507,,,,,,,,,,,,,,,,,,,
II508,,,,,,,,,,,,,,,,,,,
II509,,,,,,,,,,,,,,,,,,,
II510,,,,,,,,,,,,,,,,,,,
II511,,,,,,,,,,,,,,,,,,,
II512,,,,,,,,,,,,,,,,,,,
II513,,,,,,,,,,,,,,,,,,,
II514,,,,,,,,,,,,,,,,,,,
II515,,,,,,,,,,,,,,,,,,,
II516,,,,,,,,,,,,,,,,,,,
II517,,,,,,,,,,,,,,,,,,,
II518,,,,,,,,,,,,,,,,,,,
II519,,,,,,,,,,,,,,,,,,,
II520,,,,,,,,,,,,,,,,,,,
II521,,,,,,,,,,,,,,,,,,,
II522,,,,,,,,,,,,,,,,,,,
II523,,,,,,,,,,,,,,,,,,,
II524,,,,,,,,,,,,,,,,,,,
II525,,,,,,,,,,,,,,,,,,,
II526,,,,,,,,,,,,,,,,,,,
II527,,,,,,,,,,,,,,,,,,,
II528,,,,,,,,,,,,,,,,,,,
II529,,,,,,,,,,,,,,,,,,,
II530,,,,,,,,,,,,,,,,,,,
II531,,,,,,,,,,,,,,,,,,,
II532,,,,,,,,,,,,,,,,,,,
II533,,,,,,,,,,,,,,,,,,,
II534,,,,,,,,,,,,,,,,,,,
II535,,,,,,,,,,,,,,,,,,,
II536,,,,,,,,,,,,,,,,,,,
II537,,,,,,,,,,,,,,,,,,,
II538,,,,,,,,,,,,,,,,,,,
II539,,,,,,,,,,,,,,,,,,,
II540,,,,,,,,,,,,,,,,,,,
II541,,,,,,,,,,,,,,,,,,,
II542,,,,,,,,,,,,,,,,,,,
II543,,,,,,,,,,,,,,,,,,,
II544,,,,,,,,,,,,,,,,,,,
II545,,,,,,,,,,,,,,,,,,,
II546,,,,,,,,,,,,,,,,,,,
II547,,,,,,,,,,,,,,,,,,,
II548,,,,,,,,,,,,,,,,,,,
II549,,,,,,,,,,,,,,,,,,,
II550,,,,,,,,,,,,,,,,,,,
II551,,,,,,,,,,,,,,,,,,,
II552,,,,,,,,,,,,,,,,,,,
II553,,,,,,,,,,,,,,,,,,,
II554,,,,,,,,,,,,,,,,,,,
II555,,,,,,,,,,,,,,,,,,,
II556,,,,,,,,,,,,,,,,,,,
II557,,,,,,,,,,,,,,,,,,,
II558,,,,,,,,,,,,,,,,,,,
II559,,,,,,,,,,,,,,,,,,,
II560,,,,,,,,,,,,,,,,,,,
II561,,,,,,,,,,,,,,,,,,,
II562,,,,,,,,,,,,,,,,,,,
II563,,,,,,,,,,,,,,,,,,,
II564,,,,,,,,,,,,,,,,,,,
II565,,,,,,,,,,,,,,,,,,,
II566,,,,,,,,,,,,,,,,,,,
II567,,,,,,,,,,,,,,,,,,,
II568,,,,,,,,,,,,,,,,,,,
II569,,,,,,,,,,,,,,,,,,,
II570,,,,,,,,,,,,,,,,,,,
II571,,,,,,,,,,,,,,,,,,,
II572,,,,,,,,,,,,,,,,,,,
II573,,,,,,,,,,,,,,,,,,,
II574,,,,,,,,,,,,,,,,,,,
II575,,,,,,,,,,,,,,,,,,,
II576,,,,,,,,,,,,,,,,,,,
II577,,,,,,,,,,,,,,,,,,,
II578,,,,,,,,,,,,,,,,,,,
II579,,,,,,,,,,,,,,,,,,,
II580,,,,,,,,,,,,,,,,,,,
II581,,,,,,,,,,,,,,,,,,,
II582,,,,,,,,,,,,,,,,,,,
II583,,,,,,,,,,,,,,,,,,,
II584,,,,,,,,,,,,,,,,,,,
II585,,,,,,,,,,,,,,,,,,,
II586,,,,,,,,,,,,,,,,,,,
II587,,,,,,,,,,,,,,,,,,,
II588,,,,,,,,,,,,,,,,,,,
II589,,,,,,,,,,,,,,,,,,,
II590,,,,,,,,,,,,,,,,,,,
II591,,,,,,,,,,,,,,,,,,,
II592,,,,,,,,,,,,,,,,,,,
II593,,,,,,,,,,,,,,,,,,,
II594,,,,,,,,,,,,,,,,,,,
II595,,,,,,,,,,,,,,,,,,,
II596,,,,,,,,,,,,,,,,,,,
II597,,,,,,,,,,,,,,,,,,,
II598,,,,,,,,,,,,,,,,,,,
II599,,,,,,,,,,,,,,,,,,,
II600,,,,,,,,,,,,,,,,,,,
II601,,,,,,,,,,,,,,,,,,,
II602,,,,,,,,,,,,,,,,,,,
II603,,,,,,,,,,,,,,,,,,,
II604,,,,,,,,,,,,,,,,,,,
II605,,,,,,,,,,,,,,,,,,,
II606,,,,,,,,,,,,,,,,,,,
II607,,,,,,,,,,,,,,,,,,,
II608,,,,,,,,,,,,,,,,,,,
II609,,,,,,,,,,,,,,,,,,,
II610,,,,,,,,,,,,,,,,,,,
II611,,,,,,,,,,,,,,,,,,,
II612,,,,,,,,,,,,,,,,,,,
II613,,,,,,,,,,,,,,,,,,,
II614,,,,,,,,,,,,,,,,,,,
II615,,,,,,,,,,,,,,,,,,,
II616,,,,,,,,,,,,,,,,,,,
II617,,,,,,,,,,,,,,,,,,,
II618,,,,,,,,,,,,,,,,,,,
II619,,,,,,,,,,,,,,,,,,,
II620,,,,,,,,,,,,,,,,,,,
II621,,,,,,,,,,,,,,,,,,,
II622,,,,,,,,,,,,,,,,,,,
II623,,,,,,,,,,,,,,,,,,,
II624,,,,,,,,,,,,,,,,,,,
II625,,,,,,,,,,,,,,,,,,,
II626,,,,,,,,,,,,,,,,,,,
II627,,,,,,,,,,,,,,,,,,,
II628,,,,,,,,,,,,,,,,,,,
II629,,,,,,,,,,,,,,,,,,,
II630,,,,,,,,,,,,,,,,,,,
II631,,,,,,,,,,,,,,,,,,,
II632,,,,,,,,,,,,,,,,,,,
II633,,,,,,,,,,,,,,,,,,,
II634,,,,,,,,,,,,,,,,,,,
II635,,,,,,,,,,,,,,,,,,,
II636,,,,,,,,,,,,,,,,,,,
II637,,,,,,,,,,,,,,,,,,,
II638,,,,,,,,,,,,,,,,,,,
II639,,,,,,,,,,,,,,,,,,,
II640,,,,,,,,,,,,,,,,,,,
II641,,,,,,,,,,,,,,,,,,,
II642,,,,,,,,,,,,,,,,,,,
II643,,,,,,,,,,,,,,,,,,,
II644,,,,,,,,,,,,,,,,,,,
II645,,,,,,,,,,,,,,,,,,,
II646,,,,,,,,,,,,,,,,,,,
II647,,,,,,,,,,,,,,,,,,,
II648,,,,,,,,,,,,,,,,,,,
II649,,,,,,,,,,,,,,,,,,,
II650,,,,,,,,,,,,,,,,,,,
II651,,,,,,,,,,,,,,,,,,,
II652,,,,,,,,,,,,,,,,,,,
II653,,,,,,,,,,,,,,,,,,,
II654,,,,,,,,,,,,,,,,,,,
II655,,,,,,,,,,,,,,,,,,,
II656,,,,,,,,,,,,,,,,,,,
II657,,,,,,,,,,,,,,,,,,,
II658,,,,,,,,,,,,,,,,,,,
II659,,,,,,,,,,,,,,,,,,,
II660,,,,,,,,,,,,,,,,,,,
II661,,,,,,,,,,,,,,,,,,,
II662,,,,,,,,,,,,,,,,,,,
II663,,,,,,,,,,,,,,,,,,,
II664,,,,,,,,,,,,,,,,,,,
II665,,,,,,,,,,,,,,,,,,,
II666,,,,,,,,,,,,,,,,,,,
II667,,,,,,,,,,,,,,,,,,,
II668,,,,,,,,,,,,,,,,,,,
II669,,,,,,,,,,,,,,,,,,,
II670,,,,,,,,,,,,,,,,,,,
II671,,,,,,,,,,,,,,,,,,,
II672,,,,,,,,,,,,,,,,,,,
II673,,,,,,,,,,,,,,,,,,,
II674,,,,,,,,,,,,,,,,,,,
II675,,,,,,,,,,,,,,,,,,,
II676,,,,,,,,,,,,,,,,,,,
II677,,,,,,,,,,,,,,,,,,,
II678,,,,,,,,,,,,,,,,,,,
II679,,,,,,,,,,,,,,,,,,,
II680,,,,,,,,,,,,,,,,,,,
II681,,,,,,,,,,,,,,,,,,,
II682,,,,,,,,,,,,,,,,,,,
II683,,,,,,,,,,,,,,,,,,,
II684,,,,,,,,,,,,,,,,,,,
II685,,,,,,,,,,,,,,,,,,,
II686,,,,,,,,,,,,,,,,,,,
II687,,,,,,,,,,,,,,,,,,,
II688,,,,,,,,,,,,,,,,,,,
II689,,,,,,,,,,,,,,,,,,,
II690,,,,,,,,,,,,,,,,,,,
II691,,,,,,,,,,,,,,,,,,,
II692,,,,,,,,,,,,,,,,,,,
II693,,,,,,,,,,,,,,,,,,,
II694,,,,,,,,,,,,,,,,,,,
II695,,,,,,,,,,,,,,,,,,,
II696,,,,,,,,,,,,,,,,,,,
II697,,,,,,,,,,,,,,,,,,,
II698,,,,,,,,,,,,,,,,,,,
II699,,,,,,,,,,,,,,,,,,,
II700,,,,,,,,,,,,,,,,,,,
II701,,,,,,,,,,,,,,,,,,,
II702,,,,,,,,,,,,,,,,,,,
II703,,,,,,,,,,,,,,,,,,,
II704,,,,,,,,,,,,,,,,,,,
II705,,,,,,,,,,,,,,,,,,,
II706,,,,,,,,,,,,,,,,,,,
II707,,,,,,,,,,,,,,,,,,,
II708,,,,,,,,,,,,,,,,,,,
II709,,,,,,,,,,,,,,,,,,,
II710,,,,,,,,,,,,,,,,,,,
II711,,,,,,,,,,,,,,,,,,,
II712,,,,,,,,,,,,,,,,,,,
II713,,,,,,,,,,,,,,,,,,,
II714,,,,,,,,,,,,,,,,,,,
II715,,,,,,,,,,,,,,,,,,,
II716,,,,,,,,,,,,,,,,,,,
II717,,,,,,,,,,,,,,,,,,,
II718,,,,,,,,,,,,,,,,,,,
II719,,,,,,,,,,,,,,,,,,,
II720,,,,,,,,,,,,,,,,,,,
II721,,,,,,,,,,,,,,,,,,,
II722,,,,,,,,,,,,,,,,,,,
II723,,,,,,,,,,,,,,,,,,,
II724,,,,,,,,,,,,,,,,,,,
II725,,,,,,,,,,,,,,,,,,,
II726,,,,,,,,,,,,,,,,,,,
II727,,,,,,,,,,,,,,,,,,,
II728,,,,,,,,,,,,,,,,,,,
II729,,,,,,,,,,,,,,,,,,,
II730,,,,,,,,,,,,,,,,,,,
II731,,,,,,,,,,,,,,,,,,,
II732,,,,,,,,,,,,,,,,,,,
II733,,,,,,,,,,,,,,,,,,,
II734,,,,,,,,,,,,,,,,,,,
II735,,,,,,,,,,,,,,,,,,,
II736,,,,,,,,,,,,,,,,,,,
II737,,,,,,,,,,,,,,,,,,,
II738,,,,,,,,,,,,,,,,,,,
II739,,,,,,,,,,,,,,,,,,,
II740,,,,,,,,,,,,,,,,,,,
II741,,,,,,,,,,,,,,,,,,,
II742,,,,,,,,,,,,,,,,,,,
II743,,,,,,,,,,,,,,,,,,,
II744,,,,,,,,,,,,,,,,,,,
II745,,,,,,,,,,,,,,,,,,,
II746,,,,,,,,,,,,,,,,,,,
II747,,,,,,,,,,,,,,,,,,,
II748,,,,,,,,,,,,,,,,,,,
II749,,,,,,,,,,,,,,,,,,,
II750,,,,,,,,,,,,,,,,,,,
II751,,,,,,,,,,,,,,,,,,,
II752,,,,,,,,,,,,,,,,,,,
II753,,,,,,,,,,,,,,,,,,,
II754,,,,,,,,,,,,,,,,,,,
II755,,,,,,,,,,,,,,,,,,,
II756,,,,,,,,,,,,,,,,,,,
II757,,,,,,,,,,,,,,,,,,,
II758,,,,,,,,,,,,,,,,,,,
II759,,,,,,,,,,,,,,,,,,,
II760,,,,,,,,,,,,,,,,,,,
II761,,,,,,,,,,,,,,,,,,,
II762,,,,,,,,,,,,,,,,,,,
II763,,,,,,,,,,,,,,,,,,,
II764,,,,,,,,,,,,,,,,,,,
II765,,,,,,,,,,,,,,,,,,,
II766,,,,,,,,,,,,,,,,,,,
II767,,,,,,,,,,,,,,,,,,,
II768,,,,,,,,,,,,,,,,,,,
II769,,,,,,,,,,,,,,,,,,,
II770,,,,,,,,,,,,,,,,,,,
II771,,,,,,,,,,,,,,,,,,,
II772,,,,,,,,,,,,,,,,,,,
II773,,,,,,,,,,,,,,,,,,,
II774,,,,,,,,,,,,,,,,,,,
II775,,,,,,,,,,,,,,,,,,,
II776,,,,,,,,,,,,,,,,,,,
II777,,,,,,,,,,,,,,,,,,,
II778,,,,,,,,,,,,,,,,,,,
II779,,,,,,,,,,,,,,,,,,,
II780,,,,,,,,,,,,,,,,,,,
II781,,,,,,,,,,,,,,,,,,,
II782,,,,,,,,,,,,,,,,,,,
II783,,,,,,,,,,,,,,,,,,,
II784,,,,,,,,,,,,,,,,,,,
II785,,,,,,,,,,,,,,,,,,,
II786,,,,,,,,,,,,,,,,,,,
II787,,,,,,,,,,,,,,,,,,,
II788,,,,,,,,,,,,,,,,,,,
II789,,,,,,,,,,,,,,,,,,,
II790,,,,,,,,,,,,,,,,,,,
II791,,,,,,,,,,,,,,,,,,,
II792,,,,,,,,,,,,,,,,,,,
II793,,,,,,,,,,,,,,,,,,,
II794,,,,,,,,,,,,,,,,,,,
II795,,,,,,,,,,,,,,,,,,,
II796,,,,,,,,,,,,,,,,,,,
II797,,,,,,,,,,,,,,,,,,,
II798,,,,,,,,,,,,,,,,,,,
II799,,,,,,,,,,,,,,,,,,,
II800,,,,,,,,,,,,,,,,,,,
II801,,,,,,,,,,,,,,,,,,,
II802,,,,,,,,,,,,,,,,,,,
II803,,,,,,,,,,,,,,,,,,,
II804,,,,,,,,,,,,,,,,,,,
II805,,,,,,,,,,,,,,,,,,,
II806,,,,,,,,,,,,,,,,,,,
II807,,,,,,,,,,,,,,,,,,,
II808,,,,,,,,,,,,,,,,,,,
II809,,,,,,,,,,,,,,,,,,,
II810,,,,,,,,,,,,,,,,,,,
II811,,,,,,,,,,,,,,,,,,,
II812,,,,,,,,,,,,,,,,,,,
II813,,,,,,,,,,,,,,,,,,,
II814,,,,,,,,,,,,,,,,,,,
II815,,,,,,,,,,,,,,,,,,,
II816,,,,,,,,,,,,,,,,,,,
II817,,,,,,,,,,,,,,,,,,,
II818,,,,,,,,,,,,,,,,,,,
II819,,,,,,,,,,,,,,,,,,,
II820,,,,,,,,,,,,,,,,,,,
II821,,,,,,,,,,,,,,,,,,,
II822,,,,,,,,,,,,,,,,,,,
II823,,,,,,,,,,,,,,,,,,,
II824,,,,,,,,,,,,,,,,,,,
II825,,,,,,,,,,,,,,,,,,,
II826,,,,,,,,,,,,,,,,,,,
II827,,,,,,,,,,,,,,,,,,,
II828,,,,,,,,,,,,,,,,,,,
II829,,,,,,,,,,,,,,,,,,,
II830,,,,,,,,,,,,,,,,,,,
II831,,,,,,,,,,,,,,,,,,,
II832,,,,,,,,,,,,,,,,,,,
II833,,,,,,,,,,,,,,,,,,,
II834,,,,,,,,,,,,,,,,,,,
II835,,,,,,,,,,,,,,,,,,,
II836,,,,,,,,,,,,,,,,,,,
II837,,,,,,,,,,,,,,,,,,,
II838,,,,,,,,,,,,,,,,,,,
II839,,,,,,,,,,,,,,,,,,,
II840,,,,,,,,,,,,,,,,,,,
II841,,,,,,,,,,,,,,,,,,,
II842,,,,,,,,,,,,,,,,,,,
II843,,,,,,,,,,,,,,,,,,,
II844,,,,,,,,,,,,,,,,,,,
II845,,,,,,,,,,,,,,,,,,,
II846,,,,,,,,,,,,,,,,,,,
II847,,,,,,,,,,,,,,,,,,,
II848,,,,,,,,,,,,,,,,,,,
II849,,,,,,,,,,,,,,,,,,,
II850,,,,,,,,,,,,,,,,,,,
II851,,,,,,,,,,,,,,,,,,,
II852,,,,,,,,,,,,,,,,,,,
II853,,,,,,,,,,,,,,,,,,,
II854,,,,,,,,,,,,,,,,,,,
II855,,,,,,,,,,,,,,,,,,,
II856,,,,,,,,,,,,,,,,,,,
II857,,,,,,,,,,,,,,,,,,,
II858,,,,,,,,,,,,,,,,,,,
II859,,,,,,,,,,,,,,,,,,,
II860,,,,,,,,,,,,,,,,,,,
II861,,,,,,,,,,,,,,,,,,,
II862,,,,,,,,,,,,,,,,,,,
II863,,,,,,,,,,,,,,,,,,,
II864,,,,,,,,,,,,,,,,,,,
II865,,,,,,,,,,,,,,,,,,,
II866,,,,,,,,,,,,,,,,,,,
II867,,,,,,,,,,,,,,,,,,,
II868,,,,,,,,,,,,,,,,,,,
II869,,,,,,,,,,,,,,,,,,,
II870,,,,,,,,,,,,,,,,,,,
II871,,,,,,,,,,,,,,,,,,,
II872,,,,,,,,,,,,,,,,,,,
II873,,,,,,,,,,,,,,,,,,,
II874,,,,,,,,,,,,,,,,,,,
II875,,,,,,,,,,,,,,,,,,,
II876,,,,,,,,,,,,,,,,,,,
II877,,,,,,,,,,,,,,,,,,,
II878,,,,,,,,,,,,,,,,,,,
II879,,,,,,,,,,,,,,,,,,,
II880,,,,,,,,,,,,,,,,,,,
II881,,,,,,,,,,,,,,,,,,,
II882,,,,,,,,,,,,,,,,,,,
II883,,,,,,,,,,,,,,,,,,,
II884,,,,,,,,,,,,,,,,,,,
II885,,,,,,,,,,,,,,,,,,,
II886,,,,,,,,,,,,,,,,,,,
II887,,,,,,,,,,,,,,,,,,,
II888,,,,,,,,,,,,,,,,,,,
II889,,,,,,,,,,,,,,,,,,,
II890,,,,,,,,,,,,,,,,,,,
II891,,,,,,,,,,,,,,,,,,,
II892,,,,,,,,,,,,,,,,,,,
II893,,,,,,,,,,,,,,,,,,,
II894,,,,,,,,,,,,,,,,,,,
II895,,,,,,,,,,,,,,,,,,,
II896,,,,,,,,,,,,,,,,,,,
II897,,,,,,,,,,,,,,,,,,,
II898,,,,,,,,,,,,,,,,,,,
II899,,,,,,,,,,,,,,,,,,,
II900,,,,,,,,,,,,,,,,,,,
II901,,,,,,,,,,,,,,,,,,,
II902,,,,,,,,,,,,,,,,,,,
II903,,,,,,,,,,,,,,,,,,,
II904,,,,,,,,,,,,,,,,,,,
II905,,,,,,,,,,,,,,,,,,,
II906,,,,,,,,,,,,,,,,,,,
II907,,,,,,,,,,,,,,,,,,,
II908,,,,,,,,,,,,,,,,,,,
II909,,,,,,,,,,,,,,,,,,,
II910,,,,,,,,,,,,,,,,,,,
II911,,,,,,,,,,,,,,,,,,,
II912,,,,,,,,,,,,,,,,,,,
II913,,,,,,,,,,,,,,,,,,,
II914,,,,,,,,,,,,,,,,,,,
II915,,,,,,,,,,,,,,,,,,,
II916,,,,,,,,,,,,,,,,,,,
II917,,,,,,,,,,,,,,,,,,,
II918,,,,,,,,,,,,,,,,,,,
II919,,,,,,,,,,,,,,,,,,,
II920,,,,,,,,,,,,,,,,,,,
II921,,,,,,,,,,,,,,,,,,,
II922,,,,,,,,,,,,,,,,,,,
II923,,,,,,,,,,,,,,,,,,,
II924,,,,,,,,,,,,,,,,,,,
II925,,,,,,,,,,,,,,,,,,,
II926,,,,,,,,,,,,,,,,,,,
II927,,,,,,,,,,,,,,,,,,,
II928,,,,,,,,,,,,,,,,,,,
II929,,,,,,,,,,,,,,,,,,,
II930,,,,,,,,,,,,,,,,,,,
II931,,,,,,,,,,,,,,,,,,,
II932,,,,,,,,,,,,,,,,,,,
II933,,,,,,,,,,,,,,,,,,,
II934,,,,,,,,,,,,,,,,,,,
II935,,,,,,,,,,,,,,,,,,,
II936,,,,,,,,,,,,,,,,,,,
II937,,,,,,,,,,,,,,,,,,,
II938,,,,,,,,,,,,,,,,,,,
II939,,,,,,,,,,,,,,,,,,,
II940,,,,,,,,,,,,,,,,,,,
II941,,,,,,,,,,,,,,,,,,,
II942,,,,,,,,,,,,,,,,,,,
II943,,,,,,,,,,,,,,,,,,,
II944,,,,,,,,,,,,,,,,,,,
II945,,,,,,,,,,,,,,,,,,,
II946,,,,,,,,,,,,,,,,,,,
II947,,,,,,,,,,,,,,,,,,,
II948,,,,,,,,,,,,,,,,,,,
II949,,,,,,,,,,,,,,,,,,,
II950,,,,,,,,,,,,,,,,,,,
II951,,,,,,,,,,,,,,,,,,,
II952,,,,,,,,,,,,,,,,,,,
II953,,,,,,,,,,,,,,,,,,,
II954,,,,,,,,,,,,,,,,,,,
II955,,,,,,,,,,,,,,,,,,,
II956,,,,,,,,,,,,,,,,,,,
II957,,,,,,,,,,,,,,,,,,,
II958,,,,,,,,,,,,,,,,,,,
II959,,,,,,,,,,,,,,,,,,,
II960,,,,,,,,,,,,,,,,,,,
II961,,,,,,,,,,,,,,,,,,,
II962,,,,,,,,,,,,,,,,,,,
II963,,,,,,,,,,,,,,,,,,,
II964,,,,,,,,,,,,,,,,,,,
II965,,,,,,,,,,,,,,,,,,,
II966,,,,,,,,,,,,,,,,,,,
II967,,,,,,,,,,,,,,,,,,,
II968,,,,,,,,,,,,,,,,,,,
II969,,,,,,,,,,,,,,,,,,,
II970,,,,,,,,,,,,,,,,,,,
II971,,,,,,,,,,,,,,,,,,,
II972,,,,,,,,,,,,,,,,,,,
II973,,,,,,,,,,,,,,,,,,,
II974,,,,,,,,,,,,,,,,,,,
II975,,,,,,,,,,,,,,,,,,,
II976,,,,,,,,,,,,,,,,,,,
II977,,,,,,,,,,,,,,,,,,,
II978,,,,,,,,,,,,,,,,,,,
II979,,,,,,,,,,,,,,,,,,,
II980,,,,,,,,,,,,,,,,,,,
II981,,,,,,,,,,,,,,,,,,,
II982,,,,,,,,,,,,,,,,,,,
II983,,,,,,,,,,,,,,,,,,,
II984,,,,,,,,,,,,,,,,,,,
II985,,,,,,,,,,,,,,,,,,,
II986,,,,,,,,,,,,,,,,,,,
II987,,,,,,,,,,,,,,,,,,,
II988,,,,,,,,,,,,,,,,,,,
II989,,,,,,,,,,,,,,,,,,,
II990,,,,,,,,,,,,,,,,,,,
II991,,,,,,,,,,,,,,,,,,,
II992,,,,,,,,,,,,,,,,,,,
II993,,,,,,,,,,,,,,,,,,,
II994,,,,,,,,,,,,,,,,,,,
II995,,,,,,,,,,,,,,,,,,,
II996,,,,,,,,,,,,,,,,,,,
II997,,,,,,,,,,,,,,,,,,,
II998,,,,,,,,,,,,,,,,,,,
II999,,,,,,,,,,,,,,,,,,,